county,year,violent crime,violent crime rate per 1000 persons,property crime,property crime rate per 1000 persons,unemployment rate,high school graduate rate,per capita personal income,population,population per 1000,land area,population density,percent of population below poverty level,full-time law enforcement employees,full-time law enforcement employees rate,income inequality,% Males 15-24 years,% Males 25-39 years
Alameda County,2012,11899,7.70978,62130,40.2561934,0.09,0.80,52670,"1,543,365","1,543",739.02,2088.39,12,"1,599",1.04,16.25,6.914363661,11.32778727
Alameda County,2013,11739,7.49059,60133,38.3705119,0.07,0.81,54653,"1,567,167","1,567",739.02,2120.6,12.5,"1,599",1.02,16.67,6.816146968,11.22947954
Alameda County,2014,10356,6.51905,57620,36.2714784,0.06,0.83,57951,"1,588,576","1,589",739.02,2149.57,12.9,"1,506",0.95,17.01,6.712157252,11.21959132
Alameda County,2015,9679,6.0052,60009,37.231739,0.05,0.85,62664,"1,611,770","1,612",739.02,2180.96,12.5,"1,560",0.97,17.09,6.566484688,11.36883916
Alameda County,2016,10127,6.21388,59744,36.6586531,0.04,0.86,66377,"1,629,738","1,630",739.02,2205.27,12,"1,564",0.96,17.15,6.371406483,11.51754249
Alameda County,2017,9923,6.02707,63861,38.7881475,0.04,0.86,70370,"1,646,405","1,646",739.02,2227.82,11.3,"1,567",0.95,16.74,6.200851121,11.71387107
Amador County,2012,130,3.45276,797,21.1680965,0.12,0.89,35944,"37,651",38,594.58,63.32,10.5,85,2.26,12.46,6.20111217,9.138481093
Amador County,2013,100,2.68068,798,21.3918078,0.10,0.84,36838,"37,304",37,594.58,62.74,12.6,86,2.31,13.12,6.056416012,8.706098017
Amador County,2014,81,2.14201,629,16.633611,0.08,0.88,38617,"37,815",38,594.58,63.6,13,93,2.46,13.93,5.910438925,7.898495654
Amador County,2015,84,2.22428,602,15.9406858,0.07,0.89,40392,"37,765",38,594.58,63.52,12.8,100,2.65,14.04,5.896223814,8.655007433
Amador County,2016,92,2.44246,669,17.7609048,0.06,0.88,40934,"37,667",38,594.58,63.35,11.2,86,2.28,12.4,5.635622109,8.372924276
Amador County,2017,115,2.9962,649,16.9089677,0.05,0.87,41769,"38,382",38,594.58,64.55,10.6,85,2.21,11.98,5.795314427,8.261405672
Butte County,2012,684,3.09362,5659,25.5947535,0.12,0.85,34633,"221,100",221,"1,636.46",135.11,20.6,297,1.34,13.6,9.851494995,8.910899996
Butte County,2013,634,2.85348,6223,28.0081914,0.10,0.85,35442,"222,185",222,"1,636.46",135.77,20.4,299,1.35,14.11,9.803846886,9.011616835
Butte County,2014,678,3.03849,6631,29.7171693,0.09,0.86,36796,"223,137",223,"1,636.46",136.35,21.5,296,1.33,15.15,9.856237984,8.915190136
Butte County,2015,778,3.4688,7543,33.6313173,0.07,0.86,39483,"224,285",224,"1,636.46",137.05,21.9,288,1.28,15.81,9.647753006,8.955093816
Butte County,2016,790,3.52,7307,32.5577458,0.07,0.87,40878,"224,432",224,"1,636.46",137.14,21.3,269,1.2,16.67,9.61226209,9.017689178
Butte County,2017,921,4.06797,7280,32.1550509,0.06,0.84,41465,"226,403",226,"1,636.46",138.35,20.5,263,1.16,17.08,9.421998428,9.033911024
Calaveras County,2012,101,2.21998,1149,25.2549675,0.13,0.91,37472,"45,496",45,"1,020.01",44.6,10.4,91,2,12.59,5.880209638,5.578660426
Calaveras County,2013,130,2.86192,1080,23.7759775,0.10,0.89,37844,"45,424",45,"1,020.01",44.53,10.9,97,2.14,12.73,5.859977407,6.110403792
Calaveras County,2014,113,2.49129,989,21.8043124,0.08,0.90,39996,"45,358",45,"1,020.01",44.47,12.1,92,2.03,13.24,5.697902985,6.39156074
Calaveras County,2015,129,2.84976,808,17.8496476,0.06,0.94,42685,"45,267",45,"1,020.01",44.38,12.6,92,2.03,14.2,5.737681775,6.677474479
Calaveras County,2016,178,3.93405,656,14.4985192,0.06,0.94,43874,"45,246",45,"1,020.01",44.36,12.7,101,2.23,13.9,5.491138053,6.332123161
Calaveras County,2017,208,4.60432,790,17.4875484,0.05,0.91,45449,"45,175",45,"1,020.01",44.29,12.8,106,2.35,14,5.422020996,6.476241206
Colusa County,2012,46,2.12776,555,25.6718627,0.21,0.82,36965,"21,619",22,"1,150.73",18.79,15.2,63,2.91,10.02,8.007618735,9.092521919
Colusa County,2013,43,1.98175,535,24.6566504,0.19,0.82,39178,"21,698",22,"1,150.73",18.86,12.5,67,3.09,9.81,7.974613873,9.528110081
Colusa County,2014,40,1.83537,350,16.0594659,0.18,0.79,35342,"21,794",22,"1,150.73",18.94,14.5,67,3.07,10.78,7.86293876,9.841691561
Colusa County,2015,49,2.2402,374,17.0987062,0.15,0.91,39940,"21,873",22,"1,150.73",19.01,15,59,2.7,9.97,7.698130492,9.882735091
Colusa County,2016,46,2.09424,357,16.25313,0.16,0.89,41738,"21,965",22,"1,150.73",19.09,13.5,65,2.96,11.89,7.480773372,9.870464866
Colusa County,2017,78,3.53741,339,15.3741497,0.14,0.94,41890,"22,050",22,"1,150.73",19.16,14,59,2.68,12.66,7.383956423,10.331021
Contra Costa County,2012,4383,4.09458,32787,30.6294608,0.09,0.84,61502,"1,070,440","1,070",715.94,1495.15,10.2,940,0.88,14.4,6.588539771,9.272759677
Contra Costa County,2013,3961,3.65427,31351,28.9232677,0.08,0.86,61063,"1,083,937","1,084",715.94,1514.01,10.5,965,0.89,14.62,6.589425349,9.274006046
Contra Costa County,2014,3650,3.32417,32232,29.35471,0.06,0.86,63390,"1,098,018","1,098",715.94,1533.67,10.7,940,0.86,14.87,6.582166455,9.361303402
Contra Costa County,2015,3788,3.40547,32394,29.1227048,0.05,0.89,68323,"1,112,328","1,112",715.94,1553.66,10.9,936,0.84,15.53,6.535982439,9.46254174
Contra Costa County,2016,3895,3.45522,28939,25.6715507,0.04,0.89,71621,"1,127,279","1,127",715.94,1574.54,10.2,957,0.85,15.37,6.490443216,9.467263037
Contra Costa County,2017,3830,3.36167,29735,26.0990615,0.04,0.88,75929,"1,139,313","1,139",715.94,1591.35,9.8,956,0.84,15.64,6.438588279,9.553537579
Del Norte County,2012,155,5.49431,687,24.352203,0.14,0.81,28675,"28,211",28,"1,006.37",28.03,21.5,57,2.02,14.14,7.537019231,13.47861103
Del Norte County,2013,175,6.29678,589,21.1931491,0.12,0.77,29707,"27,792",28,"1,006.37",27.62,21.8,53,1.91,15.3,8.044874281,13.26017209
Del Norte County,2014,165,6.03445,649,23.7355082,0.10,0.79,31527,"27,343",27,"1,006.37",27.17,22.4,53,1.94,15.97,8.040458206,13.03108744
Del Norte County,2015,142,5.26843,592,21.9641598,0.09,0.35,33225,"26,953",27,"1,006.37",26.78,21.8,53,1.97,16.6,7.212969627,14.03754858
Del Norte County,2016,168,6.23238,608,22.5552753,0.08,0.78,34198,"26,956",27,"1,006.37",26.79,21.7,55,2.04,17.08,7.411611409,14.54871869
Del Norte County,2017,151,5.58019,692,25.5728012,0.06,0.76,34280,"27,060",27,"1,006.37",26.89,23.2,53,1.96,18.22,6.66496611,14.35391006
El Dorado County,2012,444,2.45051,2951,16.2870405,0.10,0.90,52453,"181,187",181,"1,707.88",106.09,8.1,341,1.88,11.42,6.414293869,7.516750628
El Dorado County,2013,390,2.15793,3272,18.1044547,0.09,0.89,53899,"180,729",181,"1,707.88",105.82,9,339,1.88,12.75,6.406011648,7.607138831
El Dorado County,2014,409,2.24688,3138,17.2389167,0.07,0.89,56496,"182,030",182,"1,707.88",106.58,10.3,341,1.87,13.89,6.50082385,7.500950597
El Dorado County,2015,338,1.84526,3151,17.2024108,0.06,0.92,59153,"183,172",183,"1,707.88",107.25,10.4,349,1.91,14.41,6.444580517,7.493698275
El Dorado County,2016,389,2.10885,3042,16.4912908,0.05,0.91,62103,"184,461",184,"1,707.88",108.01,9.8,349,1.89,14.33,6.339520765,7.63737541
El Dorado County,2017,294,1.57875,2934,15.7553041,0.04,0.89,63387,"186,223",186,"1,707.88",109.04,9.8,354,1.9,14.91,6.097883955,7.91611491
Fresno County,2012,5104,5.38728,41853,44.1759481,0.15,0.76,33548,"947,416",947,"5,957.99",159.02,24.8,966,1.02,14.79,8.593428814,10.49197704
Fresno County,2013,4868,5.09234,36698,38.3892379,0.13,0.77,34694,"955,945",956,"5,957.99",160.45,26,"1,005",1.05,15.09,8.489171514,10.53655994
Fresno County,2014,4547,4.71382,32535,33.7286222,0.12,0.79,36746,"964,611",965,"5,957.99",161.9,27.4,"1,009",1.05,15.53,8.332487638,10.62766387
Fresno County,2015,5228,5.36181,33447,34.3031025,0.10,0.82,38874,"975,043",975,"5,957.99",163.65,26.8,"1,043",1.07,15.54,8.181855847,10.72621346
Fresno County,2016,5981,6.07494,31784,32.283195,0.10,0.83,39640,"984,537",985,"5,957.99",165.25,26.9,"1,104",1.12,16.2,7.982507579,10.77638523
Fresno County,2017,5745,5.77252,30354,30.4993906,0.09,0.81,40208,"995,233",995,"5,957.99",167.04,25.4,"1,111",1.12,16.34,7.803803149,10.97913167
Glenn County,2012,78,2.75502,732,25.8547612,0.14,0.81,35219,"28,312",28,"1,313.95",21.55,19.5,60,2.12,13.96,7.184963316,8.601716646
Glenn County,2013,151,5.31241,714,25.1196172,0.12,0.83,37891,"28,424",28,"1,313.95",21.63,18.8,60,2.11,14.27,7.133934555,8.500007129
Glenn County,2014,125,4.38643,527,18.4931747,0.11,0.88,36932,"28,497",28,"1,313.95",21.69,20,60,2.11,15.29,7.097184054,8.516620864
Glenn County,2015,106,3.71096,514,17.9946786,0.09,0.77,39586,"28,564",29,"1,313.95",21.74,20.8,56,1.96,16.95,7.127218238,8.593100004
Glenn County,2016,103,3.59649,559,19.5188379,0.08,0.74,40656,"28,639",29,"1,313.95",21.8,20.3,55,1.92,16.79,7.215727767,9.095882185
Glenn County,2017,117,4.0724,503,17.5078315,0.08,0.74,41185,"28,730",29,"1,313.95",21.87,19.6,62,2.16,15.95,6.976910686,9.418292465
Humboldt County,2012,389,2.87433,4850,35.8367323,0.10,0.83,36795,"135,336",135,"3,567.99",37.93,19.7,210,1.55,14.95,8.16559408,10.87076022
Humboldt County,2013,474,3.51057,4984,36.9127765,0.08,0.83,37446,"135,021",135,"3,567.99",37.84,20.4,213,1.58,14.11,8.218335525,10.82414923
Humboldt County,2014,485,3.5932,4787,35.4653015,0.07,0.80,39016,"134,977",135,"3,567.99",37.83,20.8,219,1.62,14.05,8.211551351,10.76514354
Humboldt County,2015,539,3.98719,4400,32.5484713,0.06,0.86,41389,"135,183",135,"3,567.99",37.89,21.4,224,1.66,14.17,8.251955063,10.65252381
Humboldt County,2016,682,5.0363,4001,29.5457734,0.05,0.87,42376,"135,417",135,"3,567.99",37.95,21,235,1.74,14.09,8.182772854,10.47794085
Humboldt County,2017,646,4.73503,4196,30.7556989,0.04,0.84,43354,"136,430",136,"3,567.99",38.24,20.8,242,1.77,14.63,8.098752675,10.37567348
Imperial County,2012,500,2.79434,6313,35.2813623,0.28,0.83,31543,"178,933",179,"4,176.60",42.84,23,270,1.51,15.13,8.803759359,11.12053814
Imperial County,2013,517,2.86937,5698,31.6241071,0.25,0.83,32727,"180,179",180,"4,176.60",43.14,23.3,268,1.49,15.25,8.792297418,11.1060599
Imperial County,2014,583,3.20319,5536,30.4165797,0.24,0.82,34114,"182,006",182,"4,176.60",43.58,23.4,284,1.56,14.58,8.764732864,11.12249726
Imperial County,2015,723,3.91723,6039,32.7194708,0.25,0.85,36359,"184,569",185,"4,176.60",44.19,24,283,1.53,15.5,8.594579307,11.20364803
Imperial County,2016,676,3.63404,5195,27.9272547,0.24,0.89,35349,"186,019",186,"4,176.60",44.54,24.1,286,1.54,15.61,8.529368537,11.03199763
Imperial County,2017,628,3.34183,4836,25.7342181,0.20,0.87,35780,"187,921",188,"4,176.60",44.99,23.8,281,1.5,15.93,8.441461016,11.28380669
Inyo County,2012,83,4.47608,325,17.5268295,0.09,0.32,46280,"18,543",19,"10,180.88",1.82,11.3,53,2.86,11.06,5.645534264,7.883403703
Inyo County,2013,75,4.0416,308,16.5975104,0.08,0.32,47151,"18,557",19,"10,180.88",1.82,12.8,53,2.86,11.67,5.491873174,8.363770155
Inyo County,2014,106,5.69494,303,16.2789448,0.07,0.30,50348,"18,613",19,"10,180.88",1.83,13.7,68,3.65,11.8,5.830511416,8.796030153
Inyo County,2015,97,5.22545,240,12.9289447,0.06,0.30,52949,"18,563",19,"10,180.88",1.82,11.4,71,3.82,10.99,5.767212758,8.675893975
Inyo County,2016,114,6.11851,334,17.9261486,0.05,0.34,57009,"18,632",19,"10,180.88",1.83,10.8,71,3.81,10.88,5.644003056,8.667576121
Inyo County,2017,128,6.88246,514,27.6373804,0.04,0.38,58964,"18,598",19,"10,180.88",1.83,10.2,63,3.39,10.09,5.37510305,8.590272053
Kern County,2012,4976,5.82801,34761,40.712948,0.13,0.76,33948,"853,807",854,"8,131.92",104.99,22.5,"1,163",1.36,13.84,8.76148688,11.38993294
Kern County,2013,4969,5.753,33382,38.6489203,0.12,0.76,34506,"863,724",864,"8,131.92",106.21,22.9,"1,239",1.43,13.99,8.699972177,11.37688669
Kern County,2014,4465,5.12157,28283,32.4419622,0.11,0.80,36509,"871,803",872,"8,131.92",107.21,23.4,"1,191",1.37,14.1,8.529279843,11.35524606
Kern County,2015,4908,5.57508,30342,34.4659941,0.10,0.83,37041,"880,346",880,"8,131.92",108.26,23.5,"1,181",1.34,14.25,8.472589219,11.4508327
Kern County,2016,5128,5.78681,32570,36.7543754,0.10,0.84,36634,"886,153",886,"8,131.92",108.97,23.1,"1,137",1.28,14.25,8.312145358,11.59595587
Kern County,2017,4989,5.56745,28933,32.2876551,0.09,0.85,37080,"896,101",896,"8,131.92",110.2,22.6,"1,151",1.28,14.54,8.182474077,11.60599674
Kings County,2012,767,5.06662,3440,22.7238197,0.15,0.74,28563,"151,383",151,"1,389.42",108.95,20.7,227,1.5,12.37,9.057216644,15.13286508
Kings County,2013,725,4.81734,3723,24.7378703,0.14,0.76,29407,"150,498",150,"1,389.42",108.32,21,251,1.67,13.31,8.971345006,14.69057745
Kings County,2014,696,4.64762,3475,23.2047224,0.12,0.80,32058,"149,754",150,"1,389.42",107.78,22.7,267,1.78,13.4,8.957997886,14.57761147
Kings County,2015,694,4.63501,3901,26.0535631,0.11,0.83,32947,"149,730",150,"1,389.42",107.76,22.6,258,1.72,13.25,8.840727692,14.45653585
Kings County,2016,639,4.26728,3167,21.1494284,0.10,0.83,34330,"149,744",150,"1,389.42",107.77,21.6,271,1.81,13.1,8.749246977,14.56361997
Kings County,2017,754,5.04149,2935,19.6243623,0.09,0.83,35664,"149,559",150,"1,389.42",107.64,20.9,278,1.86,12.36,8.839882011,14.33784117
Lake County,2012,376,5.80883,1925,29.7393749,0.13,0.88,32509,"64,729",65,"1,256.46",51.52,23.7,138,2.13,13.89,6.368325047,8.187846489
Lake County,2013,356,5.49697,1833,28.3031978,0.11,0.85,33306,"64,763",65,"1,256.46",51.54,25,147,2.27,13.63,6.34627451,8.260230314
Lake County,2014,307,4.73393,1832,28.2493716,0.09,0.80,35166,"64,851",65,"1,256.46",51.61,24.3,134,2.07,13.63,6.28786463,8.098769643
Lake County,2015,346,5.31115,1887,28.9657078,0.08,0.86,37014,"65,146",65,"1,256.46",51.85,24.7,135,2.07,14.32,6.012531563,8.267230899
Lake County,2016,379,5.8541,1746,26.9689996,0.07,0.85,37985,"64,741",65,"1,256.46",51.53,24.6,135,2.09,15.82,5.839774643,8.584967851
Lake County,2017,396,6.11677,1628,25.1467408,0.06,0.76,39840,"64,740",65,"1,256.46",51.53,22.8,131,2.02,16.21,5.674389578,8.946095639
Lassen County,2012,132,3.89461,531,15.6669519,0.13,0.77,28716,"33,893",34,"4,541.18",7.46,15.4,69,2.04,11.6,10.41434388,20.69768973
Lassen County,2013,127,3.87254,576,17.563653,0.11,0.81,29534,"32,795",33,"4,541.18",7.22,16.9,74,2.26,12.43,11.07262332,21.2833059
Lassen County,2014,140,4.37746,521,16.2904134,0.09,0.85,30556,"31,982",32,"4,541.18",7.04,17.1,82,2.56,12.98,11.46134728,21.91731323
Lassen County,2015,220,6.96026,591,18.697798,0.07,0.85,32689,"31,608",32,"4,541.18",6.96,16.4,82,2.59,13,11.02763057,22.65676826
Lassen County,2016,225,7.29998,513,16.6439556,0.07,0.86,34185,"30,822",31,"4,541.18",6.79,16.2,81,2.63,12.77,11.0780936,21.95717953
Lassen County,2017,270,8.80598,598,19.5036039,0.06,0.90,34146,"30,661",31,"4,541.18",6.75,14.6,85,2.77,13.08,11.47442008,21.75405148
Los Angeles County,2012,44556,4.47808,232266,23.3437999,0.11,0.75,48548,"9,949,794","9,950","4,057.88",2451.97,17.1,"16,796",1.69,17.64,7.791209879,11.29232318
Los Angeles County,2013,40384,4.0301,228419,22.7949447,0.10,0.77,48077,"10,020,599","10,021","4,057.88",2469.42,17.8,"16,704",1.67,17.9,7.692632027,11.24307758
Los Angeles County,2014,42725,4.23504,217493,21.558597,0.08,0.78,50891,"10,088,458","10,088","4,057.88",2486.14,18.4,"16,759",1.66,18.25,7.586650803,11.23218431
Los Angeles County,2015,50466,4.97219,240050,23.6510362,0.07,0.79,54007,"10,149,661","10,150","4,057.88",2501.22,18.2,"16,582",1.63,18.51,7.488187864,11.33081058
Los Angeles County,2016,56351,5.53537,252224,24.7760131,0.05,0.82,55738,"10,180,169","10,180","4,057.88",2508.74,17.8,"16,721",1.64,18.76,7.340423649,11.38011988
Los Angeles County,2017,59924,5.85695,248714,24.3091987,0.05,0.81,57551,"10,231,271","10,231","4,057.88",2521.33,17,"15,721",1.54,18.9,7.159765527,11.52665787
Madera County,2012,934,6.16994,4017,26.5360453,0.15,0.80,31043,"151,379",151,"2,137.07",70.83,21.1,104,0.69,11.97,7.804158948,9.201199748
Madera County,2013,1017,6.72006,3934,25.9947931,0.13,0.78,32100,"151,338",151,"2,137.07",70.82,22.8,103,0.68,12.61,7.871812329,9.272318817
Madera County,2014,888,5.79544,3380,22.0592074,0.11,0.80,33935,"153,224",153,"2,137.07",71.7,23.2,109,0.71,13.19,7.66047674,9.250387007
Madera County,2015,858,5.54167,3703,23.9170171,0.11,0.83,34487,"154,827",155,"2,137.07",72.45,23.5,104,0.67,14.09,7.570153473,9.209549766
Madera County,2016,1024,6.61046,3705,23.9177308,0.09,0.84,35992,"154,906",155,"2,137.07",72.49,22.1,107,0.69,14.59,7.434105343,9.220221561
Madera County,2017,891,5.6765,3484,22.1963138,0.08,0.82,36836,"156,963",157,"2,137.07",73.45,22.1,114,0.73,14.07,7.4002849,9.285806786
Marin County,2012,490,1.91412,5091,19.8873402,0.06,0.90,96357,"255,992",256,520.31,492,7.5,297,1.16,18.98,4.922871194,8.368881029
Marin County,2013,491,1.90663,5012,19.4624149,0.05,0.91,97671,"257,522",258,520.31,494.94,7.7,293,1.14,19.86,4.9129173,8.155442718
Marin County,2014,454,1.74199,4565,17.5157892,0.04,0.92,105205,"260,622",261,520.31,500.9,8.8,282,1.08,21.06,4.900195481,7.987318635
Marin County,2015,518,1.97402,5286,20.1441262,0.04,0.92,112840,"262,409",262,520.31,504.33,8.3,293,1.12,21.31,5.041776821,7.782937035
Marin County,2016,475,1.80464,4975,18.9012576,0.03,0.91,117078,"263,210",263,520.31,505.87,8.1,291,1.11,21.52,5.082349494,7.672392986
Marin County,2017,463,1.7587,5006,19.0152776,0.03,0.88,122748,"263,262",263,520.31,505.97,8.1,291,1.11,21.47,5.114372695,7.531420859
Mariposa County,2012,71,3.89062,337,18.4667653,0.12,0.86,37817,"18,249",18,"1,448.82",12.6,14.7,69,3.78,11.96,4.064915077,7.42725224
Mariposa County,2013,84,4.61665,306,16.8178071,0.11,0.85,38609,"18,195",18,"1,448.82",12.56,16.1,65,3.57,13.26,4.520181607,7.282514811
Mariposa County,2014,71,3.89724,276,15.1498518,0.09,0.91,41201,"18,218",18,"1,448.82",12.57,16.3,72,3.95,14.47,4.689903042,7.564359746
Mariposa County,2015,89,4.89764,283,15.5734096,0.07,0.92,43938,"18,172",18,"1,448.82",12.54,15.1,72,3.96,13.79,4.769492383,7.530777447
Mariposa County,2016,80,4.40359,241,13.2658116,0.07,0.93,47247,"18,167",18,"1,448.82",12.54,16.3,71,3.91,14.44,5.184148484,7.700725418
Mariposa County,2017,108,5.95468,290,15.9894139,0.06,0.92,49352,"18,137",18,"1,448.82",12.52,15.1,75,4.14,14.46,5.278060936,7.481028429
Mendocino County,2012,358,4.08424,1734,19.782326,0.10,0.82,38137,"87,654",88,"3,506.34",25,19.4,155,1.77,12.99,6.67148909,8.878598262
Mendocino County,2013,472,5.35111,1851,20.984967,0.08,0.80,39046,"88,206",88,"3,506.34",25.16,20,157,1.78,13.87,6.372860784,9.233121136
Mendocino County,2014,512,5.80538,1546,17.5295372,0.07,0.79,41656,"88,194",88,"3,506.34",25.15,20.2,168,1.9,14.62,6.726459846,8.734358307
Mendocino County,2015,578,6.55217,1449,16.4257779,0.06,0.84,43586,"88,215",88,"3,506.34",25.16,20.4,162,1.84,15.48,6.558230147,8.861120122
Mendocino County,2016,606,6.8304,1444,16.2757408,0.05,0.85,44599,"88,721",89,"3,506.34",25.3,20.2,165,1.86,16.2,6.040240707,9.484675491
Mendocino County,2017,480,5.38769,1274,14.2998249,0.05,0.82,45984,"89,092",89,"3,506.34",25.41,19.1,189,2.12,16.9,6.114495354,9.481467936
Merced County,2012,1833,6.99351,10091,38.5005723,0.17,0.84,30447,"262,100",262,"1,934.97",135.45,24.6,218,0.83,14.04,9.115793025,10.22378997
Merced County,2013,1555,5.88153,8096,30.6217779,0.15,0.85,31611,"264,387",264,"1,934.97",136.64,25.4,225,0.85,13.58,9.030087705,10.29127314
Merced County,2014,1485,5.57165,7126,26.7364029,0.13,0.85,34384,"266,528",267,"1,934.97",137.74,25.6,221,0.83,13.43,8.974470297,10.23492961
Merced County,2015,1668,6.19819,7928,29.4599626,0.11,0.87,35610,"269,111",269,"1,934.97",139.08,26.1,210,0.78,13.4,8.880668473,10.34396044
Merced County,2016,1488,5.48066,7658,28.2062615,0.11,0.89,35978,"271,500",272,"1,934.97",140.31,24.2,223,0.82,13.91,8.68317629,10.39961811
Merced County,2017,1557,5.65968,7148,25.982901,0.09,0.89,36766,"275,104",275,"1,934.97",142.17,23.3,242,0.88,14.38,8.584838625,10.54826284
Modoc County,2012,69,7.1436,152,15.7366187,0.15,0.85,36360,"9,659",10,"3,917.77",2.47,19.9,25,2.59,12.06,6.020440021,7.639381875
Modoc County,2013,69,7.15322,168,17.4165457,0.12,0.87,38147,"9,646",10,"3,917.77",2.46,21,28,2.9,13.88,5.852682721,7.26539924
Modoc County,2014,49,5.0851,166,17.2270652,0.10,0.91,40796,"9,636",10,"3,917.77",2.46,21,21,2.18,14.34,5.367562935,7.494333155
Modoc County,2015,69,7.17479,122,12.6858688,0.09,0.89,42649,"9,617",10,"3,917.77",2.45,18.8,23,2.39,16.36,5.433885017,7.769947735
Modoc County,2016,41,4.25974,163,16.9350649,0.08,0.92,43273,"9,625",10,"3,917.77",2.46,16.9,28,2.91,13.19,4.825395771,7.648765637
Modoc County,2017,58,6.06568,179,18.7199331,0.08,0.86,43335,"9,562",10,"3,917.77",2.44,18.1,29,3.03,13.6,4.480425862,7.862925585
Mono County,2012,44,3.08642,258,18.0976431,0.10,0.62,39534,"14,256",14,"3,048.98",4.68,9.5,50,3.51,8.34,8.05607503,11.6071081
Mono County,2013,29,2.06685,221,15.7508374,0.09,0.34,40377,"14,031",14,"3,048.98",4.6,8.5,57,4.06,7.85,8.139122178,11.27773792
Mono County,2014,36,2.58342,184,13.2041622,0.07,0.43,41694,"13,935",14,"3,048.98",4.57,5,49,3.52,7.19,8.000563658,12.98104699
Mono County,2015,29,2.09115,185,13.3400635,0.06,0.32,42445,"13,868",14,"3,048.98",4.55,4.9,40,2.88,7.14,6.667036618,11.73191715
Mono County,2016,37,2.70547,162,11.8455689,0.05,0.37,43145,"13,676",14,"3,048.98",4.49,8.8,38,2.78,7.5,8.544651626,9.404490784
Mono County,2017,43,3.12523,211,15.3354168,0.04,0.35,48054,"13,759",14,"3,048.98",4.51,9.9,40,2.91,6.82,9.14781619,10.14369043
Monterey County,2012,1866,4.4106,10298,24.3410105,0.12,0.79,43252,"423,072",423,"3,280.60",128.96,16.1,392,0.93,12.48,8.333172353,11.8824865
Monterey County,2013,1794,4.19996,10940,25.6117917,0.10,0.80,44913,"427,147",427,"3,280.60",130.2,17,382,0.89,13.01,8.179122807,12.0371996
Monterey County,2014,1833,4.26966,10577,24.6373233,0.09,0.82,47353,"429,308",429,"3,280.60",130.86,17.2,414,0.96,13.2,8.005459761,11.75160439
Monterey County,2015,1927,4.45302,9535,22.0340158,0.08,0.85,50943,"432,740",433,"3,280.60",131.91,17,403,0.93,13.48,7.831357643,11.56788776
Monterey County,2016,1822,4.15816,10396,23.7256804,0.08,0.86,52105,"438,175",438,"3,280.60",133.57,16.1,416,0.95,13.17,7.717865137,11.44901848
Monterey County,2017,1802,4.07555,10043,22.7140625,0.07,0.84,53189,"442,149",442,"3,280.60",134.78,14.7,446,1.01,13.14,7.543955232,11.40412034
Napa County,2012,485,3.51144,2863,20.7283522,0.09,0.84,53348,"138,120",138,748.36,184.56,10,126,0.91,13.43,6.888284886,9.683530927
Napa County,2013,417,3.0035,2574,18.5395929,0.07,0.85,55129,"138,838",139,748.36,185.52,10.1,133,0.96,13.12,6.880226645,9.52263253
Napa County,2014,534,3.80914,2385,17.0127471,0.06,0.85,59462,"140,189",140,748.36,187.33,10.3,142,1.01,13.59,6.817976632,9.206756766
Napa County,2015,587,4.16655,2586,18.3555265,0.05,0.89,64005,"140,884",141,748.36,188.26,10.3,132,0.94,14.52,6.766119962,9.502418475
Napa County,2016,598,4.21986,2524,17.8108968,0.04,0.91,67670,"141,711",142,748.36,189.36,8.8,139,0.98,14.56,6.711510194,9.29668449
Napa County,2017,597,4.21063,2225,15.692885,0.04,0.88,69528,"141,784",142,748.36,189.46,8.2,133,0.94,14.72,6.672103826,9.380518421
Nevada County,2012,243,2.47631,1843,18.7812086,0.10,0.49,49212,"98,130",98,957.77,102.46,11.6,163,1.66,12.39,5.909355366,7.548084165
Nevada County,2013,433,4.42863,1788,18.2872572,0.08,0.49,50100,"97,773",98,957.77,102.08,12,160,1.64,12.48,5.856817144,7.594008669
Nevada County,2014,308,3.14793,1591,16.2609104,0.07,0.46,52655,"97,842",98,957.77,102.16,12.4,153,1.56,12,5.69273675,7.573814981
Nevada County,2015,289,2.94246,1715,17.4613356,0.05,0.47,54459,"98,217",98,957.77,102.55,12.7,155,1.58,12.37,5.628641575,7.60360353
Nevada County,2016,212,2.15185,1806,18.3313033,0.05,0.50,56904,"98,520",99,957.77,102.86,12.1,155,1.57,12.58,5.643773761,7.475524894
Nevada County,2017,280,2.83938,1765,17.8982487,0.04,0.52,57573,"98,613",99,957.77,102.96,12.1,156,1.58,14.12,5.190311419,7.74297335
Orange County,2012,6789,2.21243,67821,22.1018259,0.08,0.86,54885,"3,068,570","3,069",790.57,3881.47,11.7,"3,644",1.19,14.16,7.520560453,10.63763485
Orange County,2013,6042,1.94768,61650,19.8733009,0.07,0.88,54285,"3,102,152","3,102",790.57,3923.94,12.4,"3,663",1.18,14.49,7.42031758,10.48738218
Orange County,2014,6257,2.00101,54754,17.5105327,0.06,0.89,56457,"3,126,918","3,127",790.57,3955.27,12.8,"3,601",1.15,14.86,7.36264448,10.4262952
Orange County,2015,7220,2.29038,68237,21.646638,0.05,0.90,60369,"3,152,314","3,152",790.57,3987.39,12.8,"3,602",1.14,15.3,7.31244398,10.37576511
Orange County,2016,7275,2.29335,66054,20.8226284,0.04,0.91,62319,"3,172,222","3,172",790.57,4012.58,12.5,"3,622",1.14,15.44,7.160105593,10.3698081
Orange County,2017,7627,2.38421,65638,20.5184922,0.04,0.89,64601,"3,198,968","3,199",790.57,4046.41,12.1,"3,755",1.17,15.59,7.025029343,10.47028724
Placer County,2012,680,1.89747,6875,19.18403,0.10,0.89,52610,"358,371",358,"1,407.01",254.7,8.4,423,1.18,11.86,6.349454687,8.596184807
Placer County,2013,660,1.82167,7209,19.8976001,0.08,0.91,53482,"362,305",362,"1,407.01",257.5,8.7,459,1.27,12.14,6.344660658,8.638499511
Placer County,2014,596,1.6235,6643,18.0954923,0.06,0.91,55983,"367,108",367,"1,407.01",260.91,8.9,465,1.27,12.78,6.346488972,8.689807976
Placer County,2015,675,1.82242,7227,19.5120239,0.05,0.90,59430,"370,387",370,"1,407.01",263.24,8.9,471,1.27,13.1,6.294649175,8.685639948
Placer County,2016,622,1.65594,7080,18.848937,0.04,0.92,61525,"375,618",376,"1,407.01",266.96,8.7,513,1.37,13.68,6.195932763,8.586489499
Placer County,2017,703,1.83468,6969,18.1876072,0.04,0.89,63609,"383,173",383,"1,407.01",272.33,8.2,538,1.4,14.09,6.130911903,8.732882649
Plumas County,2012,108,5.40784,437,21.8817285,0.16,0.83,39709,"19,971",20,"2,553.04",7.82,13.9,54,2.7,13.51,5.235491318,6.997435511
Plumas County,2013,92,4.61847,390,19.5783133,0.14,0.88,41441,"19,920",20,"2,553.04",7.8,15.2,58,2.91,16,5.259113653,6.66154396
Plumas County,2014,91,4.57447,312,15.6839089,0.12,0.85,44040,"19,893",20,"2,553.04",7.79,15.9,61,3.07,15.15,5.310432438,7.282878772
Plumas County,2015,82,4.1289,298,15.0050352,0.10,0.88,45609,"19,860",20,"2,553.04",7.78,14.5,60,3.02,17.12,5.217884636,7.649520194
Plumas County,2016,120,6.04625,359,18.0883761,0.10,0.83,46303,"19,847",20,"2,553.04",7.77,12.8,65,3.28,13.68,4.80420177,7.484440653
Plumas County,2017,146,7.36704,304,15.3395903,0.09,0.84,47566,"19,818",20,"2,553.04",7.76,13.3,66,3.33,14.13,4.683828242,7.808160649
Riverside County,2012,6989,3.11986,68176,30.4334589,0.12,0.83,32774,"2,240,166","2,240","7,206.48",310.85,15.6,"3,706",1.65,12.63,8.016470906,9.759181972
Riverside County,2013,6203,2.73768,65134,28.7467191,0.10,0.84,33450,"2,265,789","2,266","7,206.48",314.41,16.2,"3,897",1.72,12.81,8.016962363,9.809575065
Riverside County,2014,6260,2.73212,61434,26.8122982,0.08,0.85,34670,"2,291,262","2,291","7,206.48",317.94,16.9,"4,020",1.75,13.14,7.911244215,9.901494332
Riverside County,2015,7020,3.02861,65616,28.3084437,0.07,0.87,36418,"2,317,895","2,318","7,206.48",321.64,16.8,"4,088",1.76,13.32,7.861916892,9.951793535
Riverside County,2016,7447,3.17337,65333,27.8401699,0.06,0.89,37693,"2,346,717","2,347","7,206.48",325.64,16.5,"3,939",1.68,13.54,7.711181501,9.999661172
Riverside County,2017,7308,3.06719,61826,25.9485277,0.05,0.88,38605,"2,382,640","2,383","7,206.48",330.62,15.6,"3,643",1.53,14,7.579611397,10.1083566
Sacramento County,2012,8017,5.56483,48501,33.6659133,0.11,0.77,41014,"1,440,656","1,441",964.64,1493.46,16.5,"1,868",1.3,12.97,7.348264982,10.63049001
Sacramento County,2013,7515,5.17395,44326,30.5177119,0.09,0.79,42117,"1,452,468","1,452",964.64,1505.71,17.6,"1,850",1.27,13.63,7.296168009,10.62596281
Sacramento County,2014,7452,5.08334,40246,27.4536073,0.07,0.81,44150,"1,465,964","1,466",964.64,1519.7,18.1,"1,900",1.3,14.35,7.19330259,10.66761881
Sacramento County,2015,8264,5.57636,42018,28.3528198,0.06,0.81,46674,"1,481,969","1,482",964.64,1536.29,18.2,"1,906",1.29,14.85,7.044794219,10.76288006
Sacramento County,2016,7734,5.17113,39105,26.1465047,0.05,0.81,47723,"1,495,611","1,496",964.64,1550.43,17.9,"1,923",1.29,15.12,6.89087102,10.75171365
Sacramento County,2017,7412,4.89753,36588,24.1757879,0.05,0.81,49125,"1,513,415","1,513",964.64,1568.89,16.7,"1,955",1.29,15.04,6.732981142,10.95573091
San Benito County,2012,217,3.89063,1023,18.3415509,0.13,0.87,38071,"55,775",56,"1,388.71",40.16,12.7,44,0.79,11.66,7.638828493,9.486126886
San Benito County,2013,245,4.37516,792,14.1433623,0.11,0.88,39561,"55,998",56,"1,388.71",40.32,11.9,39,0.7,11.18,7.648227747,9.697752829
San Benito County,2014,196,3.48637,736,13.0916594,0.09,0.86,40796,"56,219",56,"1,388.71",40.48,12.1,42,0.75,10.84,7.595724933,9.64457179
San Benito County,2015,179,3.17084,725,12.8427691,0.08,0.89,44557,"56,452",56,"1,388.71",40.65,10.8,53,0.94,10.55,7.598547527,9.548174853
San Benito County,2016,155,2.73736,543,9.5895733,0.07,0.90,46779,"56,624",57,"1,388.71",40.77,10.8,54,0.95,10.55,7.559494238,9.862386522
San Benito County,2017,183,3.21736,556,9.7751367,0.06,0.88,49092,"56,879",57,"1,388.71",40.96,9.7,56,0.98,9.97,7.429564862,10.09186821
San Bernardino County,2012,9032,4.36194,63099,30.4732165,0.12,0.77,31321,"2,070,638","2,071","20,056.94",103.24,17.6,"3,186",1.54,12.75,8.607488037,10.34888735
San Bernardino County,2013,8434,4.04325,57598,27.6124383,0.10,0.79,31978,"2,085,944","2,086","20,056.94",104,18.7,"3,228",1.55,13.28,8.607336959,10.29895231
San Bernardino County,2014,8281,3.94204,54778,26.0762064,0.08,0.79,33586,"2,100,689","2,101","20,056.94",104.74,19.2,"3,310",1.58,13.56,8.504489639,10.39437622
San Bernardino County,2015,9947,4.69049,59592,28.1005266,0.06,0.81,35399,"2,120,672","2,121","20,056.94",105.73,19.5,"3,247",1.53,13.85,8.406986976,10.44655186
San Bernardino County,2016,10469,4.90603,54937,25.7448079,0.06,0.83,36578,"2,133,906","2,134","20,056.94",106.39,19.1,"3,059",1.43,13.9,8.306782614,10.59487842
San Bernardino County,2017,10217,4.73977,52007,24.1265732,0.05,0.83,37477,"2,155,590","2,156","20,056.94",107.47,18.2,"3,509",1.63,13.62,8.167658234,10.72958015
San Diego County,2012,11839,3.75422,69624,22.0781786,0.09,0.79,47704,"3,153,521","3,154","4,206.63",749.65,13.9,"3,816",1.21,14.82,8.534032898,11.39544393
San Diego County,2013,11173,3.49846,70276,22.0046542,0.08,0.80,48815,"3,193,688","3,194","4,206.63",759.2,14.4,"3,954",1.24,15.33,8.437272187,11.45058368
San Diego County,2014,10585,3.27682,59050,18.2802113,0.07,0.80,51230,"3,230,269","3,230","4,206.63",767.9,14.7,"4,123",1.28,15.85,8.334911627,11.49816122
San Diego County,2015,10943,3.35217,63444,19.4348265,0.05,0.82,53679,"3,264,449","3,264","4,206.63",776.02,14.5,"4,127",1.26,15.82,8.187408473,11.60301446
San Diego County,2016,10959,3.3366,61356,18.6805997,0.05,0.82,55056,"3,284,477","3,284","4,206.63",780.79,14,"4,254",1.3,15.58,8.041601349,11.76084197
San Diego County,2017,11288,3.41078,56797,17.1617602,0.04,0.80,56802,"3,309,509","3,310","4,206.63",786.74,13.3,"4,290",1.3,15.37,7.875437963,11.88361176
San Francisco County,2012,5874,7.11599,40038,48.5035707,0.07,0.55,87735,"825,465",825,46.87,17611.8,13.2,"1,017",1.23,24.33,5.529959827,15.52447438
San Francisco County,2013,7164,8.53188,49438,58.877612,0.06,0.55,88777,"839,674",840,46.87,17914.96,13.5,"1,012",1.21,24.82,5.384702649,15.69691621
San Francisco County,2014,6822,8.04056,45936,54.1412084,0.04,0.75,97993,"848,448",848,46.87,18102.15,13.3,990,1.17,25.12,5.135032422,15.81183251
San Francisco County,2015,6789,7.91052,53955,62.8682022,0.04,0.72,105863,"858,224",858,46.87,18310.73,13.2,960,1.12,26.31,4.936845817,16.03202508
San Francisco County,2016,6269,7.24146,48437,55.9506716,0.03,0.80,113024,"865,709",866,46.87,18470.43,12.5,"1,027",1.19,26.77,4.789380935,16.30427552
San Francisco County,2017,6410,7.33403,55253,63.2179568,0.03,0.72,119591,"874,008",874,46.87,18647.49,11.7,"1,054",1.21,26.36,4.6343532,16.56150963
San Joaquin County,2012,6249,8.94561,29264,41.8921917,0.15,0.76,33893,"698,555",699,"1,391.32",502.08,17.5,682,0.98,12.83,8.116832306,9.859710408
San Joaquin County,2013,4980,7.06645,28603,40.5866569,0.12,0.80,35152,"704,739",705,"1,391.32",506.53,18.2,700,0.99,12.95,8.015543649,9.857625109
San Joaquin County,2014,5346,7.50701,25092,35.2349417,0.11,0.80,36816,"712,134",712,"1,391.32",511.84,19.4,721,1.01,13.49,7.956431068,9.89581114
San Joaquin County,2015,5756,7.95186,25031,34.5800822,0.09,0.82,39086,"723,856",724,"1,391.32",520.27,18.6,702,0.97,13.74,7.858144898,9.947018858
San Joaquin County,2016,6005,8.16652,22629,30.7743986,0.08,0.83,40452,"735,319",735,"1,391.32",528.5,17.8,699,0.95,14.07,7.76266178,10.05165179
San Joaquin County,2017,5991,8.01726,21751,29.1075565,0.07,0.81,41601,"747,263",747,"1,391.32",537.09,17.1,724,0.97,14.4,7.634160184,10.28070035
San Luis Obispo County,2012,906,3.33697,6252,23.027285,0.08,0.88,44068,"271,504",272,"3,298.57",82.31,13.7,378,1.39,14.08,10.24126225,9.114723402
San Luis Obispo County,2013,1069,3.9114,6208,22.7146328,0.07,0.89,45257,"273,304",273,"3,298.57",82.86,14.3,381,1.39,14.38,10.17438275,8.947321514
San Luis Obispo County,2014,1177,4.27029,5683,20.6185941,0.06,0.89,47744,"275,625",276,"3,298.57",83.56,14.8,379,1.38,14.79,10.20818137,8.932158696
San Luis Obispo County,2015,1134,4.09876,6786,24.527504,0.05,0.92,50645,"276,669",277,"3,298.57",83.88,14.8,385,1.39,15.16,10.245863,8.971501933
San Luis Obispo County,2016,1115,4.00876,6687,24.041763,0.04,0.92,51694,"278,141",278,"3,298.57",84.32,14.2,396,1.42,14.83,10.16018372,9.144165351
San Luis Obispo County,2017,829,2.96909,5812,20.8158734,0.04,0.90,54210,"279,210",279,"3,298.57",84.65,13.8,375,1.34,14.88,10.08999747,9.222509005
San Mateo County,2012,1764,2.39933,14433,19.6312326,0.07,0.84,87241,"735,206",735,448.41,1639.58,7.4,601,0.82,14.99,5.902435304,10.77194443
San Mateo County,2013,1776,2.38134,14751,19.7787876,0.05,0.88,86833,"745,799",746,448.41,1663.21,7.6,619,0.83,15.07,5.855205245,10.77554579
San Mateo County,2014,1561,2.07387,14186,18.8468181,0.04,0.88,92531,"752,700",753,448.41,1678.6,7.6,638,0.85,15.65,5.803864635,10.82076457
San Mateo County,2015,1707,2.24504,15548,20.4486659,0.03,0.88,101261,"760,343",760,448.41,1695.64,8,662,0.87,16.22,5.707825107,10.92359632
San Mateo County,2016,1634,2.13152,14893,19.4276203,0.03,0.89,106115,"766,589",767,448.41,1709.57,7.7,681,0.89,16.29,5.661184263,11.02700239
San Mateo County,2017,1928,2.50306,15142,19.6583993,0.03,0.87,116077,"770,256",770,448.41,1717.75,7.3,710,0.92,16.46,5.61163141,11.21854738
Santa Barbara County,2012,1643,3.83705,10164,23.7369043,0.09,0.85,50476,"428,194",428,"2,735.09",156.56,15.3,581,1.36,15.22,10.0910452,10.19145361
Santa Barbara County,2013,1416,3.26966,9824,22.6843973,0.07,0.85,49944,"433,073",433,"2,735.09",158.34,16,606,1.4,16.12,10.04203254,10.24287319
Santa Barbara County,2014,1294,2.95089,9088,20.7246324,0.06,0.84,52631,"438,512",439,"2,735.09",160.33,16.6,612,1.4,16.53,10.07759613,10.17787072
Santa Barbara County,2015,1356,3.06104,9122,20.5920264,0.05,0.88,55620,"442,987",443,"2,735.09",161.96,16.3,610,1.38,15.95,10.12586119,10.02560514
Santa Barbara County,2016,1527,3.41555,9779,21.8733853,0.05,0.89,56195,"447,073",447,"2,735.09",163.46,15.9,617,1.38,16.15,10.12121622,10.02100616
Santa Barbara County,2017,1532,3.40426,8742,19.4255875,0.05,0.87,58138,"450,025",450,"2,735.09",164.54,15.4,626,1.39,16.11,10.02537269,10.07616322
Santa Clara County,2012,4942,2.70225,47992,26.2417277,0.08,0.82,72306,"1,828,843","1,829","1,290.10",1417.6,9.7,"1,517",0.83,14.98,6.678382716,11.85036331
Santa Clara County,2013,4538,2.44345,44475,23.9471982,0.07,0.83,72451,"1,857,211","1,857","1,290.10",1439.59,10.2,"1,572",0.85,15.52,6.62980585,11.80306345
Santa Clara County,2014,4676,2.48697,43084,22.9146201,0.05,0.84,78377,"1,880,197","1,880","1,290.10",1457.4,9.9,"1,616",0.86,15.76,6.528685051,11.65119178
Santa Clara County,2015,4801,2.52,45140,23.6935978,0.04,0.84,85338,"1,905,156","1,905","1,290.10",1476.75,9.5,"1,613",0.85,16.07,6.484039335,11.66121803
Santa Clara County,2016,5423,2.81775,42797,22.2370364,0.04,0.83,91828,"1,924,582","1,925","1,290.10",1491.81,9.3,"1,655",0.86,16.22,6.445460718,11.78310788
Santa Clara County,2017,5995,3.09424,44954,23.2023879,0.03,0.84,99336,"1,937,473","1,937","1,290.10",1501.8,8.6,"1,684",0.87,16.1,6.408138022,12.02034715
Santa Cruz County,2012,1041,3.89546,8709,32.589416,0.12,0.82,52435,"267,234",267,445.17,600.3,14.4,286,1.07,15.94,9.324552489,9.224824655
Santa Cruz County,2013,1002,3.72225,8140,30.2386401,0.10,0.85,53240,"269,192",269,445.17,604.69,14.6,304,1.13,16.21,9.360668862,9.261087278
Santa Cruz County,2014,1139,4.20087,8121,29.9519795,0.09,0.86,55298,"271,134",271,445.17,609.06,15.3,304,1.12,16.44,9.394510166,9.344803763
Santa Cruz County,2015,1171,4.27425,9282,33.8801165,0.08,0.87,57880,"273,966",274,445.17,615.42,15.1,299,1.09,16.46,9.335419901,9.335419901
Santa Cruz County,2016,1101,3.99294,9485,34.3987205,0.07,0.86,59382,"275,737",276,445.17,619.4,15.1,332,1.2,16.93,9.323774688,9.373369234
Santa Cruz County,2017,1056,3.81911,8947,32.3575789,0.06,0.85,62813,"276,504",277,445.17,621.12,14.7,326,1.18,17.68,9.253722604,9.409616377
Shasta County,2012,1298,7.30893,6280,35.3621524,0.14,0.87,35807,"177,591",178,"3,775.40",47.04,17.6,209,1.18,13.43,6.889342855,8.119582651
Shasta County,2013,1150,6.4451,5894,33.0325618,0.12,0.89,36274,"178,430",178,"3,775.40",47.26,17.5,220,1.23,12.93,6.792758167,8.269444725
Shasta County,2014,1275,7.12964,5705,31.9016278,0.10,0.87,38549,"178,831",179,"3,775.40",47.37,18,217,1.21,13.08,6.63142505,8.645413399
Shasta County,2015,1400,7.82105,5851,32.6864204,0.08,0.86,40955,"179,004",179,"3,775.40",47.41,18,210,1.17,13.6,6.578686949,8.689758134
Shasta County,2016,1333,7.49407,5561,31.2637035,0.07,0.89,42081,"177,874",178,"3,775.40",47.11,17.5,216,1.21,13.65,6.326850157,8.97529906
Shasta County,2017,1225,6.87631,5645,31.6871365,0.06,0.87,43379,"178,148",178,"3,775.40",47.19,18.1,184,1.03,14.49,6.412398907,9.133183172
Sierra County,2012,17,5.25827,55,17.0120631,0.15,0.97,35671,"3,233",3,953.21,3.39,16.8,16,4.95,13.87,5.053936137,5.250205501
Sierra County,2013,7,2.17729,77,23.9502333,0.13,0.95,36529,"3,215",3,953.21,3.37,19.4,16,4.98,21.49,5.218196354,5.266069715
Sierra County,2014,11,3.43321,29,9.051186,0.10,0.94,38705,"3,204",3,953.21,3.36,16.3,15,4.68,13.95,5.150877774,5.052765816
Sierra County,2015,3,0.93897,33,10.3286385,0.09,0.96,38116,"3,195",3,953.21,3.35,14.6,14,4.38,13.86,4.533432638,5.131247931
Sierra County,2016,14,4.38185,26,8.1377152,0.08,0.97,39889,"3,195",3,953.21,3.35,11.3,17,5.32,15.55,3.114534289,6.278505629
Sierra County,2017,5,1.56104,28,8.7418046,0.07,1.00,41561,"3,203",3,953.21,3.36,12.3,13,4.06,18.03,4.055459272,5.095320624
Siskiyou County,2012,104,2.31931,819,18.2645347,0.16,0.89,33853,"44,841",45,"6,277.89",7.14,19.6,101,2.25,12.63,5.979987912,7.47498489
Siskiyou County,2013,116,2.58784,773,17.244841,0.13,0.90,34779,"44,825",45,"6,277.89",7.14,21,93,2.07,13.08,5.941309575,7.588899625
Siskiyou County,2014,137,3.05742,724,16.1574684,0.11,0.92,37019,"44,809",45,"6,277.89",7.14,22.7,100,2.23,12.88,5.920559861,7.562395789
Siskiyou County,2015,135,3.01804,793,17.7281974,0.09,0.90,40316,"44,731",45,"6,277.89",7.13,23.1,99,2.21,13.66,5.767627292,7.45813874
Siskiyou County,2016,161,3.60034,876,19.5894271,0.09,0.92,41415,"44,718",45,"6,277.89",7.12,22,108,2.42,13.85,5.76785747,7.756773839
Siskiyou County,2017,176,3.94486,800,17.9311891,0.07,0.87,41970,"44,615",45,"6,277.89",7.11,20.7,98,2.2,13.46,5.570870664,7.408683666
Solano County,2012,1846,4.43608,13190,31.696597,0.11,0.78,39145,"416,133",416,821.77,506.39,11.9,409,0.98,11.48,7.542216852,10.13953656
Solano County,2013,2001,4.77256,13533,32.277376,0.09,0.82,40322,"419,272",419,821.77,510.21,13,418,1,12.02,7.48623154,10.18127489
Solano County,2014,2109,4.98145,13453,31.7759129,0.08,0.84,41678,"423,371",423,821.77,515.19,13.1,457,1.08,12.16,7.368021744,10.15592186
Solano County,2015,2063,4.82971,13012,30.4625095,0.06,0.84,44150,"427,148",427,821.77,519.79,13.4,481,1.13,12.42,7.31562831,10.40113141
Solano County,2016,2022,4.69243,11719,27.1961235,0.06,0.85,46042,"430,907",431,821.77,524.36,12.7,526,1.22,12.64,7.157094573,10.43742959
Solano County,2017,2112,4.83694,12004,27.4917552,0.05,0.82,47333,"436,640",437,821.77,531.34,11.5,534,1.22,12.34,6.985362579,10.54758714
Sonoma County,2012,1792,3.67248,8514,17.448366,0.09,0.79,46552,"487,954",488,"1,575.85",309.64,11.5,589,1.21,12.91,7.032631718,9.639131586
Sonoma County,2013,1782,3.6221,8218,16.7039311,0.07,0.82,47995,"491,980",492,"1,575.85",312.2,11.9,581,1.18,12.82,6.883009997,9.587049638
Sonoma County,2014,1821,3.67238,8583,17.3091815,0.06,0.82,50491,"495,864",496,"1,575.85",314.66,12.3,612,1.23,13.34,6.722803026,9.618024767
Sonoma County,2015,1898,3.79537,9943,19.8826995,0.05,0.83,54225,"500,083",500,"1,575.85",317.34,11.7,593,1.19,13.56,6.572192261,9.711149758
Sonoma County,2016,1868,3.7176,7794,15.5112195,0.04,0.84,56134,"502,475",502,"1,575.85",318.86,11.2,331,0.66,13.83,6.370228778,9.702348446
Sonoma County,2017,2025,4.01298,7586,15.0333027,0.03,0.82,58347,"504,613",505,"1,575.85",320.22,10.7,614,1.22,14.04,6.254803441,9.722064187
Stanislaus County,2012,2875,5.51109,22061,42.2887813,0.15,0.79,34007,"521,675",522,"1,494.83",348.99,19.2,518,0.99,12.98,8.013341487,10.04140939
Stanislaus County,2013,2716,5.16601,20538,39.0646398,0.13,0.83,34624,"525,744",526,"1,494.83",351.71,20.3,535,1.02,13.4,7.968944149,10.04779914
Stanislaus County,2014,2826,5.33358,18559,35.0268944,0.11,0.82,37125,"529,850",530,"1,494.83",354.46,20.3,564,1.06,13.67,7.865480859,10.04209191
Stanislaus County,2015,3093,5.78234,19782,36.9822679,0.10,0.85,39444,"534,905",535,"1,494.83",357.84,20.3,582,1.09,13.39,7.672451063,10.04843591
Stanislaus County,2016,3366,6.22174,17918,33.1197806,0.09,0.84,40213,"541,006",541,"1,494.83",361.92,18.2,611,1.13,13.4,7.559753355,10.17849145
Stanislaus County,2017,3300,6.00026,16789,30.5267866,0.08,0.84,41076,"549,976",550,"1,494.83",367.92,17.2,652,1.19,13.31,7.445620926,10.37757335
Sutter County,2012,318,3.34339,2832,29.7751096,0.17,0.79,35462,"95,113",95,602.41,157.89,17,129,1.36,12.19,7.711747609,10.00039529
Sutter County,2013,244,2.54907,2938,30.6933693,0.15,0.82,36978,"95,721",96,602.41,158.9,16.7,128,1.34,13.07,7.500535938,9.884812263
Sutter County,2014,316,3.29043,2364,24.6157691,0.13,0.82,37494,"96,036",96,602.41,159.42,16.8,132,1.37,13.24,7.507035038,9.843661838
Sutter County,2015,320,3.31985,2391,24.8054777,0.11,0.84,40192,"96,390",96,602.41,160.01,17.8,130,1.35,13.59,7.40705849,9.793224983
Sutter County,2016,360,3.72617,2691,27.8531062,0.10,0.87,41080,"96,614",97,602.41,160.38,17.5,133,1.38,14.3,7.217019894,9.655874893
Sutter County,2017,342,3.52872,2847,29.3750451,0.09,0.81,41519,"96,919",97,602.41,160.89,16.7,131,1.35,13.19,7.019030581,9.999686137
Tehama County,2012,354,5.56691,1507,23.6986948,0.14,0.84,31515,"63,590",64,"2,949.71",21.56,20.3,104,1.64,11.35,6.713259494,8.404006329
Tehama County,2013,351,5.51531,1676,26.3352241,0.12,0.80,31946,"63,641",64,"2,949.71",21.58,19.7,114,1.79,11.13,6.610988125,8.400428519
Tehama County,2014,321,5.03585,1589,24.9282274,0.10,0.84,34459,"63,743",64,"2,949.71",21.61,18.6,115,1.8,11.34,6.419831237,8.808605651
Tehama County,2015,329,5.15359,1663,26.0499068,0.08,0.89,36140,"63,839",64,"2,949.71",21.64,19.8,115,1.8,11.82,6.28264188,8.825615974
Tehama County,2016,360,5.62975,1937,30.2911832,0.07,0.88,36546,"63,946",64,"2,949.71",21.68,21.5,113,1.77,11.61,6.174713957,8.764110133
Tehama County,2017,274,4.28466,1823,28.5070916,0.06,0.84,38580,"63,949",64,"2,949.71",21.68,20.9,118,1.85,12.59,6.199503534,8.735592202
Trinity County,2012,21,1.52838,187,13.6098981,0.15,0.94,28653,"13,740",14,"3,179.25",4.32,17.7,40,2.91,11.35,4.610750018,9.887497261
Trinity County,2013,30,2.18484,139,10.1230792,0.12,0.95,29424,"13,731",14,"3,179.25",4.32,19.2,40,2.91,11.88,4.445050594,9.401026543
Trinity County,2014,34,2.47777,174,12.6803673,0.10,0.92,32294,"13,722",14,"3,179.25",4.32,18.7,40,2.92,12.72,4.381132075,9.118867925
Trinity County,2015,34,2.48611,244,17.8414741,0.08,0.89,34483,"13,676",14,"3,179.25",4.3,19.5,42,3.07,14.6,5.040335003,7.457638525
Trinity County,2016,66,4.83623,299,21.9095772,0.07,0.89,35269,"13,647",14,"3,179.25",4.29,20.1,44,3.22,14.73,4.917996965,7.018391502
Trinity County,2017,77,5.64765,254,18.6298958,0.06,0.72,36155,"13,634",14,"3,179.25",4.29,19.9,47,3.45,15.45,5.42302677,6.450870599
Tulare County,2012,2100,4.66046,15393,34.1611943,0.16,0.80,31638,"450,599",451,"4,824.22",93.4,24.8,688,1.53,12.83,8.373904277,10.37962985
Tulare County,2013,2097,4.60832,14290,31.4033495,0.15,0.82,32187,"455,047",455,"4,824.22",94.33,26.2,729,1.6,13.53,8.32597908,10.1817696
Tulare County,2014,1903,4.1472,11398,24.8396039,0.13,0.83,35283,"458,864",459,"4,824.22",95.12,27.4,749,1.63,13.76,8.26196055,10.1647151
Tulare County,2015,1815,3.92829,11783,25.5025074,0.12,0.85,36044,"462,033",462,"4,824.22",95.77,28.1,779,1.69,13.91,8.214791436,10.16830891
Tulare County,2016,1608,3.44746,11563,24.7903763,0.11,0.85,37597,"466,431",466,"4,824.22",96.69,28.3,747,1.6,14.44,8.152807453,10.20351362
Tulare County,2017,1645,3.49468,11722,24.902489,0.11,0.84,38531,"470,716",471,"4,824.22",97.57,27.1,747,1.59,14.7,8.004202184,10.36226404
Tuolumne County,2012,105,1.9094,1190,21.6399047,0.13,0.84,36959,"54,991",55,"2,220.88",24.76,13.1,119,2.16,12.24,6.243485192,9.548859705
Tuolumne County,2013,103,1.87484,1227,22.3342677,0.11,0.82,36627,"54,938",55,"2,220.88",24.74,14.5,125,2.28,12.64,6.313331384,9.575219266
Tuolumne County,2014,151,2.74137,1157,21.005047,0.09,0.84,38975,"55,082",55,"2,220.88",24.8,14.7,126,2.29,12.38,6.066697334,9.779934495
Tuolumne County,2015,227,4.15264,1280,23.4157764,0.07,0.89,41684,"54,664",55,"2,220.88",24.61,13.9,129,2.36,12.49,5.89625178,9.809693227
Tuolumne County,2016,187,3.40297,1272,23.1474742,0.06,0.88,43233,"54,952",55,"2,220.88",24.74,14.2,126,2.29,14.89,6.163322442,9.81953067
Tuolumne County,2017,206,3.76428,1124,20.5390589,0.05,0.83,43901,"54,725",55,"2,220.88",24.64,13.6,133,2.43,15.21,5.617914989,9.918551365
Ventura County,2012,1664,1.99404,15921,19.0787873,0.09,0.83,49879,"834,487",834,"1,843.13",452.76,10.3,"1,219",1.46,12.7,7.701077062,9.837504892
Ventura County,2013,1629,1.93687,16400,19.4995048,0.08,0.83,50189,"841,047",841,"1,843.13",456.31,11.1,"1,227",1.46,12.84,7.598555036,9.783760405
Ventura County,2014,1890,2.23079,16812,19.8434431,0.07,0.83,52566,"847,232",847,"1,843.13",459.67,11.1,"1,231",1.45,13,7.53421984,9.715178215
Ventura County,2015,2175,2.55454,17253,20.2636518,0.06,0.85,54849,"851,426",851,"1,843.13",461.95,11.1,"1,242",1.46,12.9,7.380314046,9.757864879
Ventura County,2016,2192,2.56686,16415,19.2221893,0.05,0.86,56371,"853,961",854,"1,843.13",463.32,10.6,"1,247",1.46,12.91,7.327800168,9.852920497
Ventura County,2017,2239,2.61593,15985,18.676029,0.05,0.86,57981,"855,910",856,"1,843.13",464.38,10.3,"1,247",1.46,13.15,7.182656039,9.922461237
Yolo County,2012,556,2.719,5956,29.1265459,0.11,0.86,43754,"204,487",204,"1,014.69",201.53,18.7,227,1.11,15.88,11.32090425,9.85699422
Yolo County,2013,642,3.09826,6434,31.0501754,0.09,0.88,44713,"207,213",207,"1,014.69",204.21,19.1,242,1.17,16.52,11.31729415,9.756288065
Yolo County,2014,757,3.62513,5507,26.371995,0.08,0.88,46959,"208,820",209,"1,014.69",205.8,20,254,1.22,18.04,11.21239016,9.749904488
Yolo County,2015,804,3.80902,6050,28.6623902,0.06,0.89,49176,"211,078",211,"1,014.69",208.02,19.9,262,1.24,18.62,11.29528458,9.591254582
Yolo County,2016,639,2.96639,5368,24.9195731,0.06,0.89,49989,"215,413",215,"1,014.69",212.29,19.3,263,1.22,19.93,11.26713184,9.657541577
Yolo County,2017,568,2.59749,5656,25.8651045,0.05,0.87,50520,"218,673",219,"1,014.69",215.51,19.4,257,1.18,20.87,11.26549234,9.874179817
Yuba County,2012,285,3.91043,2013,27.6199885,0.16,0.73,32664,"72,882",73,631.84,115.35,20.6,172,2.36,10.55,7.797630253,10.63313216
Yuba County,2013,272,3.7086,2143,29.2188757,0.13,0.75,33820,"73,343",73,631.84,116.08,21.6,165,2.25,10.47,7.788086643,10.68953069
Yuba County,2014,296,4.01923,2135,28.9900334,0.11,0.75,34780,"73,646",74,631.84,116.56,22.2,168,2.28,10.96,7.752720404,10.33696054
Yuba County,2015,313,4.22722,2018,27.2540652,0.09,0.77,37238,"74,044",74,631.84,117.19,21.9,168,2.27,11.24,7.720358947,10.66628539
Yuba County,2016,318,4.27833,1944,26.1543429,0.09,0.78,38234,"74,328",74,631.84,117.64,20.8,162,2.18,11.36,7.656766851,11.00343316
Yuba County,2017,325,4.35394,2072,27.7580548,0.07,0.80,38506,"74,645",75,631.84,118.14,18.5,156,2.09,12,7.594716253,11.34853438