state,year,violent crime,violent_murder,violent_rape,violent_robbery,violent_assault,property crime,property_buglary,property_larceny,property_auto theft,unemployment,population,Land Area,population density,poverty rate,employee rate,per capita income,% Males 15-24 years,% Males 25-39 years
Alabama,2006,425.2,8.3,35.9,153.5,227.6,3936.1,969.1,2644.3,322.7,4,4599030,135767,33.87443193,14.3,0.000338115,31474,7.240125025,9.170825032
Alaska,2006,688,5.4,76,90.3,516.4,3604.9,617.3,2610.2,377.4,6.6,670053,1723337,0.388811358,8.9,0.000879035,41157,7.806414731,10.70150894
Arizona,2006,501.4,7.5,31.5,149.6,312.7,4627.9,925.3,2813.1,889.5,4.2,6166318,295234,20.88620552,14.4,0.000323207,34703,7.337797351,10.08323173
Arkansas,2006,551.6,7.3,46.5,98.4,399.4,3967.5,1139.9,2562.1,265.5,5.2,2810872,137732,20.40827114,17.7,1.71E-05,29617,7.027597516,9.516538303
California,2006,532.5,6.8,25.3,194.7,305.7,3170.9,676,1829.1,665.7,4.9,36457549,423967,85.99147811,12.2,0.000300185,41746,7.821757134,10.76114357
Colorado,2006,391.6,3.3,43.7,80.7,264,3451.3,682.1,2331.8,437.5,4.3,4753377,269601,17.63115493,9.7,0.000220054,40137,7.15068409,11.07852465
Connecticut,2006,280.8,3.1,18.1,121,138.6,2504.1,419.3,1788.4,296.4,4.3,3504809,14357,244.1184788,8,0.000505306,53696,6.828646025,8.814280685
Delaware,2006,681.6,4.9,46.9,203.3,426.5,3417.9,725.2,2362.8,329.9,3.6,853476,6446,132.4039715,9.3,0.001823133,41053,7.381601838,9.227002297
district of Columbia,2006,1508.4,29.1,31.8,658.4,789.1,4653.8,659.5,2735.4,1258.9,6.3,581530,177,3285.480226,18.3,0.000412499,55805,7.816458792,13.23147542
Florida,2006,712,6.2,35.8,188.8,481.2,3986.1,944.6,2619,422.5,3.2,18089888,170312,106.216168,11.5,0.000300997,38386,6.781734139,9.172417396
Georgia,2006,471,6.4,23.2,165.6,275.8,3889.2,909,2519.3,460.9,4.7,9363941,153910,60.84036775,12.6,0.000216469,34791,7.477245347,10.13363514
Hawaii,2006,281.2,1.6,27.6,88.9,163,4230.4,677.5,2949.1,603.9,2.6,1285498,28313,45.40310105,9.2,0.000421092,38480,7.234498327,10.19863306
Idaho,2006,247.2,2.5,40,20.5,184.2,2418.8,513.2,1740,165.6,3.5,1466465,216443,6.775294188,9.5,0.000287767,31476,7.318995358,9.624980196
Illinois,2006,541.6,6.1,31.8,185.3,318.4,3019.6,602.1,2124.2,293.3,4.5,12831970,149995,85.54931831,10.6,0.000312345,40365,7.147983835,10.18342902
Indiana,2006,314.8,5.8,29.1,114.7,165.2,3502.4,731.3,2424.8,346.3,5,6313520,94326,66.93297712,10.6,0.000289696,33123,7.259390526,9.564737517
Iowa,2006,283.5,1.8,27.8,43.5,210.4,2802.7,604.2,2030.7,167.9,3.7,2982085,145746,20.46083597,10.3,0.000317563,34448,7.113008505,9.222383441
Kansas,2006,425,4.6,44.8,67.9,307.7,3750.2,723.3,2712,314.9,4.4,2764075,213100,12.97078836,12.8,0.00048443,35690,7.362792021,9.586454041
Kentucky,2006,263,4,30.8,86.2,142,2544.5,644.8,1679.9,219.8,5.7,4206074,104656,40.18951613,16.8,0.000547304,30660,6.988960131,9.725895567
Louisiana,2006,697.8,12.4,36.4,133.6,515.4,3993.7,1049.2,2579.7,364.8,4.1,4287768,135659,31.60695568,17,0.000393212,33850,7.404921373,9.824830319
Maine,2006,115.5,1.7,25.7,29.1,59,2518.7,512.9,1904.3,101.4,4.7,1321574,91633,14.42246789,10.2,0.000423737,34451,6.471065076,8.319940812
Maryland,2006,678.6,9.7,21,256,392,3480.9,667,2270.4,543.5,3.9,5615727,32131,174.7759796,8.4,0.000715669,45576,7.050673295,9.561872003
Massachusetts,2006,447,2.9,27.1,125,292.1,2391,546.5,1565.4,279,4.9,6437193,27336,235.4840869,12,0.000516063,47750,7.178400078,9.442727619
Michigan,2006,562.4,7.1,52.2,140.7,362.4,3212.8,753.9,1963.5,495.4,7,10095643,250487,40.30405969,13.3,0.000267739,33812,7.256850871,8.972998037
Minnesota,2006,312,2.4,31.8,105.1,172.6,3079.5,583.9,2236.6,258.9,4,5167101,225163,22.94826859,8.2,0.000164502,39667,6.881881374,10.00100746
Mississippi,2006,298.6,7.7,34.4,107.1,149.5,3208.8,935.9,1986.1,286.8,6.4,2910540,125438,23.20301663,20.6,0.000427756,27981,7.484234309,9.319078849
Missouri,2006,545.6,6.3,30.2,129.9,379.3,3826.5,764.1,2627,435.3,4.8,5842713,180540,32.36242938,11.4,0.00046896,34119,7.097960059,9.382919804
Montana,2006,253.7,1.8,28.5,17.4,206.1,2687.5,310.7,2191.8,185,3.5,944632,380831,2.480449333,13.5,0.000294294,32193,7.02472082,9.167011566
Nebraska,2006,281.8,2.8,31,63.8,184.1,3340.7,534.5,2521.3,284.9,3.1,1768331,200330,8.827090301,10.2,0.000412253,36019,7.244508705,9.412933079
Nevada,2006,741.6,9,43.2,281.6,407.8,4088.8,994.6,2013.8,1080.4,4,2495529,286380,8.714047769,9.5,0.000360645,39767,6.877838286,11.05548821
New Hampshire,2006,138.7,1,26.2,32.2,79.4,1874.1,331.4,1434.5,108.1,3.4,1314895,24214,54.30308912,5.4,0.000354401,43153,6.835203911,8.408776034
New Jersey,2006,351.6,4.9,14.2,153.1,179.4,2291.9,452,1556.5,283.4,4.7,8724560,22591,386.1962729,8.8,0.000677169,47695,6.696039433,9.5588389
New Mexico,2006,643.2,6.8,56,107.7,472.8,3937.2,1069.7,2395.5,472,4.2,1954599,314917,6.20671161,16.9,0.000329479,30597,7.276281963,9.636157194
New York,2006,434.9,4.8,16.4,178.6,235.1,2052.7,355.1,1531.1,166.4,4.5,19306183,141297,136.635477,14,0.000308968,44128,7.230075667,9.881103411
North Carolina,2006,475.6,6.1,28.2,152.2,289.1,4120.8,1212.7,2567.9,340.2,4.7,8856505,139391,63.53713654,13.8,0.000387738,34385,7.151336642,9.89431508
North Dakota,2006,127.9,1.3,30.4,11.3,84.9,2000.3,376.3,1464.8,159.2,3.2,635867,183108,3.472633637,11.4,0.000265779,33357,8.384931797,9.582779197
Ohio,2006,350.3,4.7,39.6,166.8,139.2,3678.6,909.8,2442.8,326.1,5.4,11478006,116098,98.86480387,12.1,4.38E-05,34214,6.894490899,9.127917528
Oklahoma/g,2006,497.4,5.8,41.6,87.5,362.5,3604.2,960.5,2270.5,373.2,4,3579212,181037,19.77061043,15.2,0.000407632,34854,7.175470795,9.976853228
Oregon,2006,280.3,2.3,32.3,72.7,173,3672.1,645.2,2636.1,390.7,5.3,3700758,254799,14.52422498,11.8,0.000261028,34716,6.842928872,10.06604754
Pennsylvania,2006,439.4,5.9,27.3,168.6,237.6,2443.5,463.2,1742.9,237.4,4.6,12440621,119280,104.2976274,11.3,0.000553188,38109,7.097603031,8.884074543
Puerto rico,2006,227.3,18.8,3,133.5,72,1354.4,424.4,711.2,218.8,10.6,3927776,13791,284.8071931,10.5,0.000429865,37284,7.510299348,9.339731241
Rhode Island,2006,227.5,2.6,26.7,68.8,129.4,2586.9,507.2,1744.2,335.5,4.9,1067610,4001,266.8357911,11.2,0.000292242,39028,7.638702055,8.743671535
South Carolina,2006,765.5,8.3,40.8,136.5,579.9,4242.3,989.8,2873,379.6,6.9,4321249,82933,52.10530187,10.7,0.000550998,30984,7.286602084,9.521160056
South Dakota,2006,171.4,1.2,43,15.2,112,1619.6,338.9,1188.9,91.8,3.1,781919,199729,3.914899689,14.9,0.000488542,35299,7.244605243,9.576772684
Tennessee,2006,760.2,6.8,35.5,184.3,533.7,4128.3,1040.9,2713.2,374.1,5.3,6038803,109153,55.32420547,16.4,0.000437504,33065,6.96307997,9.592494784
Texas,2006,516.3,5.9,35.6,158.5,316.4,4081.5,917.3,2758.2,405.9,4.9,23507783,695662,33.79196075,9.3,0.000336569,35630,7.59643633,10.7243807
Utah,2006,224.4,1.8,34.1,48.8,139.7,3516.4,576.5,2614.5,325.4,3,2550063,219882,11.59741589,7.8,0.000262346,31327,8.167857112,11.57530671
Vermont,2006,136.6,1.9,24,17.6,93,2304.7,528.9,1681.8,93.9,3.7,623908,24906,25.05050992,8.6,0.00089276,37008,7.44829385,8.183322849
Virginia,2006,282.2,5.2,23.4,101.4,152.1,2478.2,417.6,1866.8,193.8,3.1,7642884,110787,68.98719164,8,0.000407961,42385,7.259156193,10.05491229
Washington,2006,345.9,3,42.9,100.1,199.8,4480,911.6,2850.7,717.6,5,6395798,184661,34.63534802,15.3,0.000329748,40027,7.069257655,10.40475246
West Virginia,2006,279.7,4.1,21.4,46.9,207.3,2621.5,634.1,1771.8,215.6,5.2,1818470,62756,28.9768309,10.1,0.000438821,28704,6.611967634,8.994220679
Wisconsin,2006,284,3,20.4,100.2,160.6,2817.8,485.8,2079.5,252.5,4.7,5556506,169635,32.75565774,10,0.000200666,36338,7.062561826,9.433211949
Wyoming,2006,239.6,1.7,27.2,14,196.7,2980.6,450.5,2379.4,150.7,3.2,515004,253335,2.032897152,10,0.00040388,44492,7.343848905,9.858865653
Alabama,2007,448,8.9,33.4,159.9,245.8,3971.6,979.5,2684.6,307.5,4,4627851,135767,34.08671474,14.5,0.000350271,32739,7.240125025,9.170825032
Alaska,2007,661.2,6.4,77.4,85.3,492,3379.5,538.7,2487,353.8,6.3,683478,1723337,0.396601477,7.6,0.000822265,43906,7.806414731,10.70150894
Arizona,2007,482.7,7.4,29.3,151.7,294.3,4414,912.2,2738.4,763.4,3.9,6338755,295234,21.47027443,14.3,0.000343758,35872,7.337797351,10.08323173
Arkansas,2007,529.4,6.7,44.7,106.7,371.2,3953.1,1131.4,2574.4,247.3,5.3,2834797,137732,20.58197804,13.8,1.69E-05,31303,7.027597516,9.516538303
California,2007,522.6,6.2,24.7,193,298.8,3033,648.4,1784.4,600.2,5.4,36553215,423967,86.21712303,12.7,0.00032517,43385,7.821757134,10.76114357
Colorado,2007,347.8,3.1,41.1,71,232.5,3006.1,591.4,2069.3,345.4,3.7,4861515,269601,18.03225878,9.8,0.000213925,42074,7.15068409,11.07852465
Connecticut,2007,256,3,18.8,103,131.2,2399.9,432.9,1705.2,261.7,4.5,3502309,14357,243.9443477,8.9,0.000529651,57684,6.828646025,8.814280685
Delaware,2007,689.2,4.3,38.9,197.3,448.8,3370.1,733.3,2369,267.8,3.4,864764,6446,134.155135,9.3,0.001815524,41733,7.381601838,9.227002297
district of Columbia,2007,1414.3,30.8,32.6,724.3,626.6,4913.9,667.4,2954.7,1291.9,6,588292,177,3323.683616,18,0.000754253,59824,7.816458792,13.23147542
Florida,2007,722.6,6.6,33.7,209.1,473.2,4089.3,996.3,2689.4,403.6,4,18251243,170312,107.1635763,12.5,0.000295596,39594,6.781734139,9.172417396
Georgia,2007,493.2,7.5,22.8,181.7,281.2,3901,950.2,2504.6,446.3,4.5,9544750,153910,62.01513872,13.6,0.000315147,35680,7.477245347,10.13363514
Hawaii,2007,272.8,1.7,25.4,86.1,159.6,4225.4,708.8,2993.3,523.2,2.8,1283388,28313,45.32857698,7.5,0.000356868,40490,7.234498327,10.19863306
Idaho,2007,239.4,3.3,38.5,15.5,182,2246.6,465.3,1632.8,148.5,3.1,1499402,216443,6.927468202,9.9,0.003111907,32707,7.318995358,9.624980196
Illinois,2007,533.2,5.9,31.9,179.7,315.7,2935.8,587.6,2084.5,263.7,5,12852548,149995,85.68650955,10,0.000152421,42513,7.147983835,10.18342902
Indiana,2007,333.6,5.6,27.5,124.1,176.4,3396.6,739.4,2349,308.2,4.6,6345289,94326,67.26977716,11.8,0.000154603,34055,7.259390526,9.564737517
Iowa,2007,294.7,1.2,30.3,43.9,219.2,2615.6,567,1885.1,163.5,3.7,2988046,145746,20.5017359,8.9,0.00046686,36680,7.113008505,9.222383441
Kansas,2007,452.7,3.9,44.3,72.6,331.8,3678.7,729.9,2640.2,308.5,4.2,2775997,213100,13.02673393,11.7,0.000837177,38057,7.362792021,9.586454041
Kentucky,2007,295,4.8,32.6,95.9,161.7,2518.3,652.7,1661.1,204.5,5.4,4241474,104656,40.52776716,15.5,0.000416129,31728,6.988960131,9.725895567
Louisiana,2007,729.5,14.2,32.4,141.7,541.2,4076,1038.9,2683.5,353.6,4.1,4293204,135659,31.64702674,16.1,0.000145113,36432,7.404921373,9.824830319
Maine,2007,118,1.6,29.7,26.5,60.2,2428.8,506.8,1826.4,95.6,4.7,1317207,91633,14.37481038,10.9,0.00296081,35686,6.471065076,8.319940812
Maryland,2007,641.9,9.8,21,236,375.1,3431.5,660.2,2265.9,505.4,3.5,5618344,32131,174.8574274,8.8,0.000535033,47327,7.050673295,9.561872003
Massachusetts,2007,431.5,2.9,25.3,108.6,294.7,2391.5,552.9,1606.1,232.4,4.6,6449755,27336,235.9436275,11.2,0.000404977,50085,7.178400078,9.442727619
Michigan,2007,536,6.7,45.5,133.2,350.7,3065.7,748.9,1898.3,418.5,7,10071822,250487,40.20896094,10.8,8.09E-05,34929,7.256850871,8.972998037
Minnesota,2007,288.7,2.2,36,91.8,158.6,3036.6,570.8,2224.7,241,4.6,5197621,225163,23.08381484,9.3,0.000215676,41655,6.881881374,10.00100746
Mississippi,2007,291.3,7.1,35.6,98.2,150.3,3200.8,957.9,1990,252.9,6.2,2918785,125438,23.26874631,22.6,0.000901402,29554,7.484234309,9.319078849
Missouri,2007,504.9,6.5,29.2,121.9,347.3,3738.4,739.1,2594.7,404.6,5.1,5878415,180540,32.56018057,12.8,4.75E-05,35502,7.097960059,9.382919804
Montana,2007,287.5,1.5,30.3,19.9,235.8,2765.4,316,2266.2,183.2,3.6,957861,380831,2.515186526,13,0.000770467,34183,7.02472082,9.167011566
Nebraska,2007,302.4,3.8,29.7,62.4,206.5,3161.4,509.8,2358.6,293.1,3,1774571,200330,8.858238906,9.9,0.000533087,38531,7.244508705,9.412933079
Nevada,2007,750.6,7.5,42.7,270.2,430.2,3777.8,968.3,1939.1,870.5,4.5,2565382,286380,8.957964942,9.7,0.000187496,40212,6.877838286,11.05548821
New Hampshire,2007,137.3,1.1,25.3,32.8,78,1892,378.9,1414.4,98.7,3.5,1315828,24214,54.34162055,5.8,0.004519588,44695,6.835203911,8.408776034
New Jersey,2007,329.3,4.4,12.1,144.5,168.3,2213.1,431.5,1528.8,252.7,4.3,8685920,22591,384.4858572,8.7,7.48E-05,50473,6.696039433,9.5588389
New Mexico,2007,664.2,8.2,52.4,117.8,485.8,3725.7,964.1,2307.9,453.8,3.8,1969915,314917,6.255346647,14,0.003101149,31950,7.276281963,9.636157194
New York,2007,414.1,4.2,15.2,161.1,233.7,1978.6,336.1,1497.2,145.3,4.6,19297729,141297,136.5756456,14.5,0.000153127,47428,7.230075667,9.881103411
North Carolina,2007,466.4,6.5,26.3,149.5,284.1,4087.3,1200.7,2577.9,308.6,4.7,9061032,139391,65.0044264,15.5,2.06E-05,36211,7.151336642,9.89431508
North Dakota,2007,142.4,1.9,32.4,10.9,97.2,1889.6,338.3,1408.4,142.9,3.1,639715,183108,3.493648557,9.3,0.004964711,36709,8.384931797,9.582779197
Ohio,2007,343.2,4.5,38.8,159.2,140.7,3455.2,859.1,2301.6,294.6,5.6,11466917,116098,98.76928974,12.8,0.000769646,35629,6.894490899,9.127917528
Oklahoma/g,2007,499.6,6.1,43.1,93.2,357.1,3526.4,943.3,2211.1,372.1,4.1,3617316,181037,19.98108674,13.4,0.000422689,35711,7.175470795,9.976853228
Oregon,2007,287.6,1.9,33.5,76.4,175.8,3526.2,609,2529,388.2,5.2,3747455,254799,14.70749493,12.8,0.000247101,35879,6.842928872,10.06604754
Pennsylvania,2007,416.5,5.8,27.7,156.5,226.4,2361.3,450.6,1697.9,212.8,4.4,12432792,119280,104.231992,10.4,0.000563108,40337,7.097603031,8.884074543
Puerto rico,2007,226.9,18.5,2.5,130.3,75.7,1368.5,435.4,734.6,198.5,11.2,3941459,13791,285.7993619,11.8,0.000785353,39999,7.510299348,9.339731241
Rhode Island,2007,227.3,1.8,24.2,71,130.3,2622.6,495,1822.7,305,5.2,1057832,4001,264.391902,9.5,0.000291162,40894,7.638702055,8.743671535
South Carolina,2007,788.3,8,39.5,144,596.9,4271.7,1025.8,2859.6,386.3,6.1,4407709,82933,53.14783018,14.1,0.000557659,32402,7.286602084,9.521160056
South Dakota,2007,169.2,2.1,38.7,14.1,114.3,1652.3,298.7,1261.3,92.3,2.8,796214,199729,3.986471669,9.4,0.000496098,38748,7.244605243,9.576772684
Tennessee,2007,753.3,6.4,35.3,179,532.5,4088.6,1002.4,2734.4,351.8,4.6,6156719,109153,56.40448728,14.8,0.00047103,34164,6.96307997,9.592494784
Texas,2007,510.6,5.9,35.3,162.2,307.2,4121.2,955.1,2773.3,392.8,4.3,23904380,695662,34.36206089,16.5,0.000331195,37085,7.59643633,10.7243807
Utah,2007,234.8,2.2,34.3,53.7,144.6,3500.3,587.5,2579.7,333.1,2.6,2645330,219882,12.03068009,9.6,0.000278982,33165,8.167857112,11.57530671
Vermont,2007,124.3,1.9,19.8,12.9,89.7,2322.7,500,1719.6,103.2,4,621254,24906,24.94394925,9.9,0.000911061,38944,7.44829385,8.183322849
Virginia,2007,269.7,5.3,22.6,99.2,142.6,2466.4,410.9,1873.3,182.2,3,7712091,110787,69.61187684,8.6,0.000413766,44248,7.259156193,10.05491229
Washington,2007,333.1,2.7,40.6,93.6,196.2,4030.8,814.8,2634.4,581.6,4.7,6468424,184661,35.02864167,10.2,0.000350472,42819,7.069257655,10.40475246
West Virginia,2007,275.2,3.5,20.4,47,204.3,2525,596.8,1735.5,192.7,4.8,1812035,62756,28.8742909,14.8,0.000655065,29711,6.611967634,8.994220679
Wisconsin,2007,290.9,3.3,21.8,97.7,168.1,2837.7,497,2100.9,239.8,4.9,5601640,169635,33.02172311,11,0.000166558,37816,7.062561826,9.433211949
Wyoming,2007,239.3,3.1,30.6,16.1,189.5,2865.9,449.1,2264.6,152.2,2.8,522830,253335,2.063789054,10.9,0.000661783,46278,7.343848905,9.858865653
Alabama,2008,452.8,7.6,34.7,157.6,253,4082.9,1081.3,2713,288.7,5.9,4661900,135767,34.3375047,14.3,0.000356507,33583,7.240125025,9.170825032
Alaska,2008,651.9,4.1,64.3,94,489.6,2932.3,472.1,2221.5,238.7,6.7,686293,1723337,0.398234936,8.2,0.000839292,47869,7.806414731,10.70150894
Arizona,2008,447,6.3,25.7,149.2,265.9,4291,868.9,2849.5,572.6,6.2,6500180,295234,22.01704411,18,0.000341529,35748,7.337797351,10.08323173
Arkansas,2008,503.4,5.7,48.9,95.8,353.1,3835.1,1180,2427.1,228,5.5,2855390,137732,20.73149304,15.3,0.000353367,32306,7.027597516,9.516538303
California,2008,503.8,5.8,24.2,188.8,285,2940.3,647.1,1769.4,523.8,7.3,36756666,423967,86.69699764,14.6,0.00032103,43567,7.821757134,10.76114357
Colorado,2008,343.1,3.2,42.5,68.1,229.3,2849,572,2003.3,273.7,4.8,4939456,269601,18.32135637,11,0.00021966,42953,7.15068409,11.07852465
Connecticut,2008,297.8,3.5,19.3,111.6,163.5,2458.7,428.7,1774,256,5.7,3501252,14357,243.8707251,8.1,0.000523813,60970,6.828646025,8.814280685
Delaware,2008,703.4,6.5,41.9,210.5,444.4,3585.3,774.3,2520,291,4.9,873092,6446,135.447099,9.6,0.001787899,40894,7.381601838,9.227002297
district of Columbia,2008,1437.7,31.4,31.4,748.5,626.4,5104.6,640,3372.2,1092.4,6.9,591833,177,3343.689266,16.5,0.000433794,60887,7.816458792,13.23147542
Florida,2008,688.9,6.4,32.6,197.9,452,4140.8,1028.3,2766,346.5,6.3,18328340,170312,107.6162572,13.1,0.00028666,39401,6.781734139,9.172417396
Georgia,2008,478.9,6.6,22.7,179.2,270.5,4015.5,1038.9,2567.5,409.1,6.2,9685744,153910,62.93121954,15.5,0.000237049,35438,7.477245347,10.13363514
Hawaii,2008,272.6,1.9,28.3,84.3,158.1,3571.2,728.1,2444.7,398.5,4.3,1288198,28313,45.4984636,9.9,0.000443024,41969,7.234498327,10.19863306
Idaho,2008,228.6,1.5,36.2,15.8,175.1,2101.2,439.8,1552,109.5,5.1,1523816,216443,7.040264642,12.2,0.000303186,32841,7.318995358,9.624980196
Illinois,2008,525.4,6.1,31.9,186.4,300.9,2932.6,612.1,2068.1,252.5,6.3,12901563,149995,86.01328711,12.3,0.00030849,43460,7.147983835,10.18342902
Indiana,2008,333.8,5.1,27,118.1,183.5,3335.8,762.8,2299.2,273.7,5.9,6376792,94326,67.60375718,14.3,0.000335121,35408,7.259390526,9.564737517
Iowa,2008,283.8,2.5,29.6,41.6,210.1,2420.9,547.9,1728.8,144.3,4.2,3002555,145746,20.6012858,9.5,0.000327388,38703,7.113008505,9.222383441
Kansas,2008,410.6,4,42.5,60.1,304,3377.2,699.9,2413.4,263.9,4.6,2802134,213100,13.14938527,12.7,0.000506043,41257,7.362792021,9.586454041
Kentucky,2008,296.2,4.6,33,93.8,164.8,2583.9,675.5,1728.8,179.6,6.4,4269245,104656,40.79312223,17.1,0.000507115,33002,6.988960131,9.725895567
Louisiana,2008,656.2,11.9,27.9,135.9,480.4,3823.1,982.1,2529.4,311.6,4.7,4410796,135659,32.51384722,18.2,0.000411944,38522,7.404921373,9.824830319
Maine,2008,117.5,2.4,28.5,25.3,61.4,2452.4,495.4,1867.7,89.3,5.4,1316456,91633,14.36661465,12,0.000458808,37163,6.471065076,8.319940812
Maryland,2008,628.2,8.8,20,234.4,365.1,3517.6,689.6,2378.3,449.7,4.2,5633597,32131,175.3321403,8.7,0.00069121,49186,7.050673295,9.561872003
Massachusetts,2008,449,2.6,26.7,108.8,310.9,2400.1,555.5,1648.6,196,5.5,6497967,27336,237.707309,11.3,0.000488922,51810,7.178400078,9.442727619
Michigan,2008,501.5,5.4,45,129.6,321.5,2934.8,741.5,1831.1,362.3,8,10003422,250487,39.93589288,13,0.000290601,35969,7.256850871,8.972998037
Minnesota,2008,262.8,2.1,34.6,80,146.1,2850.6,505.9,2151.6,193.1,5.4,5220393,225163,23.18495046,9.9,0.000150372,43161,6.881881374,10.00100746
Mississippi,2008,284.9,8.1,30.3,102.6,143.9,2940.4,885.6,1838.7,216.2,6.7,2938618,125438,23.4268563,18.1,0.00045245,30785,7.484234309,9.319078849
Missouri,2008,504.4,7.7,27.3,125,344.4,3663.7,774.5,2537.9,351.3,6.1,5911605,180540,32.74401795,13.3,0.000466032,37312,7.097960059,9.382919804
Montana,2008,258.1,2.4,30.4,17.8,207.6,2603,344.4,2095.9,162.6,5.1,967440,380831,2.540339416,12.9,0.000300794,35792,7.02472082,9.167011566
Nebraska,2008,303.7,3.8,32.7,72.8,194.3,2878.6,492,2151.8,234.8,3.3,1783432,200330,8.902470923,10.6,0.000401473,40535,7.244508705,9.412933079
Nevada,2008,724.5,6.3,42.4,248.9,426.9,3447.5,929,1906.8,611.6,6.7,2600167,286380,9.079429429,10.8,0.000379976,38836,6.877838286,11.05548821
New Hampshire,2008,157.2,1,29.7,31.8,94.7,2091.9,325.7,1660.8,105.4,3.9,1315809,24214,54.34083588,7,0.000428634,45886,6.835203911,8.408776034
New Jersey,2008,326.5,4.3,12.9,146.3,163,2293.4,465.3,1595.7,232.4,5.3,8682661,22591,384.3415962,9.2,0.00069967,51779,6.696039433,9.5588389
New Mexico,2008,649.9,7.2,57.4,109.5,475.9,3909.2,1094.2,2411.6,403.4,4.5,1984356,314917,6.301203174,19.3,0.000340161,33649,7.276281963,9.636157194
New York,2008,398.1,4.3,14.4,163,216.4,1993.5,337.3,1527.3,128.9,5.4,19490297,141297,137.9385054,14.2,0.000327907,48184,7.230075667,9.881103411
North Carolina,2008,467.3,6.5,24.8,155.4,280.6,4044.1,1210.1,2544,290,6.1,9222414,139391,66.16219125,13.9,0.000361727,37835,7.151336642,9.89431508
North Dakota,2008,166.5,0.5,36.2,11.2,118.6,1894.4,328.3,1428.6,137.5,3.2,641481,183108,3.503293138,11.8,0.000291513,41075,8.384931797,9.582779197
Ohio,2008,348.2,4.7,38.5,163,142.1,3411.7,892.8,2270.5,248.4,6.4,11485910,116098,98.93288429,13.7,0.000276252,36827,6.894490899,9.127917528
Oklahoma/g,2008,526.7,5.8,40.2,101.1,379.5,3442.4,963.1,2180.5,298.7,3.7,3642361,181037,20.11942863,13.6,0.00042747,39325,7.175470795,9.976853228
Oregon,2008,257.2,2.2,30.5,69.7,154.8,3282.2,550.9,2432.3,299,6.5,3790060,254799,14.87470516,10.6,0.000251183,36992,6.842928872,10.06604754
Pennsylvania,2008,410,5.6,27.9,151.6,224.8,2410.2,470.9,1758.8,180.5,5.3,12448279,119280,104.3618293,11,0.000515895,41728,7.097603031,8.884074543
Puerto rico,2008,239.9,20.4,2.4,138.3,78.8,1498.6,484,837.4,177.1,11.8,3954037,13791,286.711406,12.7,0.000462077,40564,7.510299348,9.339731241
Rhode Island,2008,249.4,2.8,26.4,83.7,136.7,2840.6,547.2,1988.9,304.5,7.8,1050788,4001,262.6313422,12.7,0.000322615,41638,7.638702055,8.743671535
South Carolina,2008,729.7,6.8,36.6,147.3,539.1,4234.2,1026.1,2814.1,394,7.3,4479800,82933,54.01709814,14,0.00059958,33234,7.286602084,9.521160056
South Dakota,2008,201.4,3.2,53.7,14.9,129.6,1645.6,302.2,1244,99.5,3.1,804194,199729,4.026425807,13.1,0.000499879,41168,7.244605243,9.576772684
Tennessee,2008,722.4,6.6,33.2,173.8,508.9,4042.6,1046,2687.3,309.3,6.5,6214888,109153,56.9373998,15,0.000439911,35059,6.96307997,9.592494784
Texas,2008,507.9,5.6,32.9,155.2,314.1,3985.6,946,2688.8,350.8,4.8,24326974,695662,34.96953118,15.9,0.000331977,39946,7.59643633,10.7243807
Utah,2008,221.8,1.4,32.6,51.9,135.8,3357.4,536.5,2557.9,262.9,3.6,2736424,219882,12.44496594,7.6,0.000252885,33941,8.167857112,11.57530671
Vermont,2008,135.9,2.7,20.4,14.3,98.3,2538.5,557.2,1887.1,94.2,4.7,621270,24906,24.94459166,9,0.000795145,41022,7.44829385,8.183322849
Virginia,2008,255.9,4.7,22.6,95.7,132.8,2518.1,411.8,1935.6,170.7,3.9,7769089,110787,70.12635959,10.3,0.000395799,45514,7.259156193,10.05491229
Washington,2008,331.2,2.9,40.1,96.9,191.2,3758.4,801.3,2524.6,432.6,5.4,6549224,184661,35.46620023,10.4,0.000351645,44241,7.069257655,10.40475246
West Virginia,2008,273.8,3.3,20,49,201.5,2568.6,609.9,1782.2,176.6,4.8,1814468,62756,28.91306011,14.5,0.000471908,31607,6.611967634,8.994220679
Wisconsin,2008,274,2.6,19.9,91.1,160.4,2756.4,488.3,2063.4,204.7,4.9,5627967,169635,33.17692104,9.8,0.000189589,39055,7.062561826,9.433211949
Wyoming,2008,232,1.9,33.8,16.1,180.2,2717.3,410,2173.4,133.9,3.1,532668,253335,2.102623009,10.1,0.000694617,49746,7.343848905,9.858865653
Alabama,2009,449.8,6.9,31.9,132.9,278.1,3772.4,1037.2,2499.9,235.3,10.1,4708708,135767,34.68227183,16.6,0.000362307,32769,7.240125025,9.170825032
Alaska,2009,633,3.1,73.3,93.8,462.7,2946,515,2189.2,241.8,7.7,698473,1723337,0.405302619,11.7,0.00087047,47258,7.806414731,10.70150894
Arizona,2009,408.3,5.4,32,122.8,248.1,3556.5,809.8,2352.8,394,9.9,6595778,295234,22.34084828,21.2,0.000322479,33524,7.337797351,10.08323173
Arkansas,2009,517.7,6.2,47.3,89.4,374.8,3773.7,1203.1,2359.3,211.2,7.8,2889450,137732,20.97878489,18.9,0.000345048,31472,7.027597516,9.516538303
California,2009,472,5.3,23.6,173.4,269.7,2731.5,622.6,1665.1,443.8,11.2,36961664,423967,87.18052113,15.3,0.00033275,41689,7.821757134,10.76114357
Colorado,2009,337.8,3.5,44.6,67.4,222.3,2666.2,530.4,1887.9,247.9,7.3,5024748,269601,18.63772019,12.3,0.000256132,40093,7.15068409,11.07852465
Connecticut,2009,298.7,3,18.5,113.4,163.7,2335.8,428.4,1694.9,212.5,7.9,3518288,14357,245.057324,8.4,0.000487169,59684,6.828646025,8.814280685
Delaware,2009,636.6,4.6,38.2,188.8,405,3349.6,783.2,2351,215.5,8.3,885122,6446,137.3133726,12.3,0.001698071,40856,7.381601838,9.227002297
district of Columbia,2009,1345.9,24,25,731.9,565,4745.4,616.4,3206.5,922.5,10,599657,177,3387.892655,17.9,0.000425477,60143,7.816458792,13.23147542
Florida,2009,612.5,5.5,29.7,166.7,410.6,3840.8,981.1,2588.6,271.1,10.4,18537969,170312,108.84711,14.6,0.000189827,36818,6.781734139,9.172417396
Georgia,2009,426.1,5.8,23.4,148.6,248.3,3666.6,1000.7,2328.7,337.2,9.9,9829211,153910,63.8633682,18.4,0.000282118,34274,7.477245347,10.13363514
Hawaii,2009,274.8,1.7,30.3,79.8,163,3661.2,708.6,2580.5,372.1,7.2,1295178,28313,45.74499347,12.5,0.00043416,41082,7.234498327,10.19863306
Idaho,2009,228.4,1.4,35.7,15.8,175.4,1988.7,424.2,1471.1,93.3,8.8,1545801,216443,7.141838729,13.7,0.000302756,31281,7.318995358,9.624980196
Illinois,2009,497.2,6,30.2,177.6,283.4,2736.9,603,1927.3,206.6,10.2,12910409,149995,86.07226241,13.2,0.000299758,41180,7.147983835,10.18342902
Indiana,2009,333.2,4.8,25.5,114.5,188.4,3116.2,761.5,2138.7,216.1,10.3,6423113,94326,68.09483069,16.1,0.000315579,34267,7.259390526,9.564737517
Iowa,2009,279.2,1.1,28.4,39.7,210,2308.7,539.4,1640,129.3,6.4,3007856,145746,20.63765729,10.7,0.000329471,37286,7.113008505,9.222383441
Kansas,2009,400.1,4.2,38.9,63.4,293.6,3207.8,690.7,2305.9,211.2,6.9,2818747,213100,13.22734397,13.7,0.000492063,39431,7.362792021,9.586454041
Kentucky,2009,258.7,4.1,35,84.1,135.4,2512.7,688.5,1683.3,140.9,10.3,4314113,104656,41.22184108,17,0.000518762,32397,6.988960131,9.725895567
Louisiana,2009,620,11.8,30.3,135.9,442,3794.6,1029.5,2504.3,260.8,6.8,4492076,135659,33.11299656,14.3,0.000386458,36930,7.404921373,9.824830319
Maine,2009,119.8,2,28.5,30.3,59,2403.5,510.4,1815.7,77.4,8.4,1318301,91633,14.38674932,11.4,0.000370173,37157,6.471065076,8.319940812
Maryland,2009,589.9,7.7,20.3,210.7,351.3,3200.7,649.7,2206.7,344.2,7,5699478,32131,177.3825278,9.6,0.000670412,48448,7.050673295,9.561872003
Massachusetts,2009,457.1,2.6,25.8,112.6,316,2304,525.7,1600.3,178,8.1,6593587,27336,241.2052605,10.8,0.00047986,50772,7.178400078,9.442727619
Michigan,2009,497,6.3,45.3,123.7,321.7,2837.8,760.5,1782.6,294.7,13.7,9969727,250487,39.80137492,14,0.000254671,34307,7.256850871,8.972998037
Minnesota,2009,243.9,1.4,34,68.7,139.8,2641,484,1995.3,161.8,7.8,5266214,225163,23.38845192,11.1,0.000163305,41079,6.881881374,10.00100746
Mississippi,2009,281.3,6.4,31.8,100.4,142.6,2953.3,987.9,1782.5,183,9.4,2951996,125438,23.53350659,23.1,2.13E-05,30157,7.484234309,9.319078849
Missouri,2009,491.8,6.4,26.8,124.5,334.1,3385.3,731.3,2362.1,291.9,9.3,5987580,180540,33.16483882,15.5,0.000485338,36385,7.097960059,9.382919804
Montana,2009,253.6,2.9,30.2,22.2,198.5,2464,347.3,1967.4,149.3,6.8,974989,380831,2.560161857,13.5,0.000309747,34689,7.02472082,9.167011566
Nebraska,2009,281.6,2.2,33.1,67.8,178.4,2761.5,484.3,2083.5,193.8,4.6,1796619,200330,8.968297309,9.9,0.000400753,39535,7.244508705,9.412933079
Nevada,2009,702.2,5.9,38.6,227.8,429.8,3055.6,832.1,1755.1,468.4,11.3,2643085,286380,9.229293247,13,0.000364347,36231,6.877838286,11.05548821
New Hampshire,2009,159.6,0.8,30.2,34.4,94.3,2161,372,1704.1,84.9,6.2,1324575,24214,54.70285785,7.8,0.000401638,45101,6.835203911,8.408776034
New Jersey,2009,311.5,3.7,12,133.7,162.2,2079.7,427.9,1473.7,178.1,9.1,8707739,22591,385.4516843,9.3,0.000687664,49854,6.696039433,9.5588389
New Mexico,2009,619,8.7,52.6,93.1,464.7,3735.8,1095.8,2317.8,322.2,7.5,2009671,314917,6.381589435,19.3,0.000563276,32911,7.276281963,9.636157194
New York,2009,384.7,4,13.2,144,223.5,1936,321.6,1502.5,111.9,8.3,19541453,141297,138.3005513,15.8,0.00031794,47027,7.230075667,9.881103411
North Carolina,2009,404.3,5.3,24.6,126.1,248.4,3668.1,1149.5,2305.2,213.5,10.6,9380884,139391,67.29906522,16.9,0.000317134,35933,7.151336642,9.89431508
North Dakota,2009,200.7,1.5,34.8,16.2,148.1,1932.8,363.9,1437.1,131.7,4.1,646844,183108,3.532581864,10.9,0.000282912,40212,8.384931797,9.582779197
Ohio,2009,332.1,4.5,34.8,154.1,138.7,3270.9,902.9,2169.8,198.3,10.3,11542645,116098,99.42156626,13.3,0.000292654,35755,6.894490899,9.127917528
Oklahoma/g,2009,501.1,6.2,41.5,90.7,362.7,3573.8,1030,2261.7,282.2,6.4,3687050,181037,20.36627872,12.9,0.000433138,35917,7.175470795,9.976853228
Oregon,2009,254.7,2.2,30.5,64.3,157.6,2967.1,506.5,2202.6,258,11.3,3825657,254799,15.01441136,13.4,0.000210944,35313,6.842928872,10.06604754
Pennsylvania,2009,380.5,5.2,29,138.9,207.4,2201.6,434.7,1625.5,141.4,8,12604767,119280,105.6737676,11.1,0.000500842,40530,7.097603031,8.884074543
Puerto rico,2009,264.5,22.5,1.6,153.6,86.7,1410,466.8,770.9,172.2,15.4,3967288,13791,287.67225,13.6,0.000443021,39139,7.510299348,9.339731241
Rhode Island,2009,252.6,2.9,27.3,74.6,147.7,2610.8,545.9,1837.7,227.2,11,1053209,4001,263.2364409,13,0.00038264,40610,7.638702055,8.743671535
South Carolina,2009,670.8,6.3,35.3,125.7,503.4,3888.6,992.8,2598.4,297.4,11.4,4561242,82933,54.99911977,13.7,0.000488244,32010,7.286602084,9.521160056
South Dakota,2009,185.6,2.6,54.8,13.7,114.6,1719.4,305.2,1314.2,100.1,4.9,812383,199729,4.067426363,14.1,0.000499764,39518,7.244605243,9.576772684
Tennessee,2009,667.7,7.3,31.7,153.2,475.5,3754.1,1010.9,2505.4,237.8,10.1,6296254,109153,57.68283052,16.5,0.00041612,34446,6.96307997,9.592494784
Texas,2009,490.9,5.4,33.4,153.5,298.7,4015.5,969.4,2737.2,308.9,7.6,24782302,695662,35.62405594,17.3,0.00033072,37269,7.59643633,10.7243807
Utah,2009,212.7,1.3,32.5,46.6,132.3,3275.4,544.4,2483,247.9,7.3,2784572,219882,12.66393793,9.7,0.000258927,31858,8.167857112,11.57530671
Vermont,2009,131.4,1.1,19.9,17.9,92.5,2401.4,555.2,1774.2,72.1,6.6,621760,24906,24.96426564,9.4,0.000860461,40479,7.44829385,8.183322849
Virginia,2009,226.8,4.4,19.2,79.4,123.9,2428.8,400.6,1883.4,144.9,6.7,7882590,110787,71.15085705,10.7,0.000396824,44087,7.259156193,10.05491229
Washington,2009,331,2.7,38.1,100.5,189.7,3666.9,792.2,2519.4,355.3,9.2,6664195,184661,36.08880597,11.7,0.000339126,41591,7.069257655,10.40475246
West Virginia,2009,296.5,4.6,23.8,50.4,217.7,2526.7,656.7,1719.4,150.6,8.3,1819777,62756,28.99765759,15.8,0.000678655,31718,6.611967634,8.994220679
Wisconsin,2009,257,2.5,19.6,85.8,149.1,2608.2,472.9,1977.4,157.8,8.6,5654774,169635,33.33494857,10.8,0.000205136,38182,7.062561826,9.433211949
Wyoming,2009,228.2,2.4,33.8,14.1,177.9,2637.3,409.7,2085.9,141.7,6.3,544270,253335,2.148420076,9.2,0.00067246,44564,7.343848905,9.858865653
Alabama,2010,377.8,5.7,28.2,99.6,244.2,3516.8,879.4,2415.6,221.8,10.4,4779736,135767,35.20543284,17.2,0.000198547,33963,7.27930528,9.220453355
Alaska,2010,638.8,4.4,75,83.6,475.8,2852.5,437.2,2187.3,228,7.9,710231,1723337,0.412125429,12.5,0.000829308,49654,7.876613094,10.79774113
Arizona,2010,408.1,6.4,33.9,108.5,259.3,3534,794.3,2403.2,336.5,10.4,6392017,295234,21.65068048,18.8,0.000306945,33848,7.312942517,10.04907747
Arkansas,2010,505.3,4.7,45,81.3,374.3,3558.9,1114.9,2253.8,190.1,8.2,2915918,137732,21.17095519,15.3,0.000334372,32367,7.052303699,9.549994592
California,2010,440.6,4.9,22.4,156,257.4,2635.8,614.3,1612.1,409.4,12.2,37253956,423967,87.86994271,16.3,0.000331133,43249,7.806208864,10.73975232
Colorado,2010,320.8,2.4,43.7,62.3,212.4,2684.2,520,1940.5,223.6,8.7,5029196,269601,18.65421864,12.3,0.00025511,40785,7.119198839,11.02974468
Connecticut,2010,281.4,3.6,16.3,99.4,162,2193.2,424.5,1581,187.7,9.1,3574097,14357,248.9445567,8.6,0.000482919,61762,6.854415272,8.847543117
Delaware,2010,620.9,5.3,34.7,203.7,377.1,3448.2,836.9,2396.5,214.8,8.4,897934,6446,139.3009618,12.2,0.001722844,40947,7.375717101,9.219646376
district of Columbia,2010,1330.2,21.9,31.1,718.8,558.4,4778.9,703.1,3238.9,836.9,10,601723,177,3399.564972,19.5,0.000414127,63317,7.846931689,13.28305906
Florida,2010,542.4,5.2,28.6,138.7,369.8,3558.4,899.5,2438.4,220.5,11.1,18801310,170312,110.3933369,16,0.000266471,38865,6.795743872,9.191365813
Georgia,2010,403.3,5.8,21.6,127.7,248.2,3640.5,998.4,2329.3,312.8,10.5,9687653,153910,62.9436229,18.8,0.000275196,34830,7.422313005,10.05918736
Hawaii,2010,262.7,1.8,26.8,77.5,156.7,3314.2,636.8,2302.4,374.9,6.9,1360301,28313,48.04510296,12.4,0.000422578,41606,7.224040111,10.18388988
Idaho,2010,221,1.3,33.5,13.7,172.6,1995.8,414.8,1496.7,84.3,9,1567582,216443,7.242470304,13.8,0.000292808,32106,7.316546883,9.621760285
Illinois,2010,435.2,5.5,23.6,156.3,249.7,2681,587.6,1868.9,224.4,10.4,12830632,149995,85.54039801,14.1,0.000289074,42294,7.155458117,10.19407732
Indiana,2010,314.5,4.5,27.2,95.9,186.9,3042.4,726.7,2113.4,202.3,10.4,6483802,94326,68.738227,16.3,0.000302754,35699,7.290124504,9.60523161
Iowa,2010,273.5,1.3,27.4,33.2,211.6,2242.5,546.8,1571.8,124,6,3046355,145746,20.90180863,10.3,0.000308894,38320,7.159371523,9.282495492
Kansas,2010,369.1,3.5,38.8,54.1,272.7,3119.9,680.1,2229.2,210.6,7.1,2853118,213100,13.38863444,14.5,0.000481228,39968,7.385116655,9.615521013
Kentucky,2010,242.6,4.3,31.8,86.4,120.1,2551.3,698.5,1709.7,143.1,10.2,4339367,104656,41.46314593,17.7,0.000536253,33414,7.042608506,9.800553095
Louisiana,2010,549,11.2,27.2,114.9,395.6,3647.5,1002.2,2427.1,218.2,7.5,4533372,135659,33.41740688,21.5,0.000386908,38243,7.498152425,9.948529035
Maine,2010,122,1.8,29.3,31.2,59.8,2479.3,554,1850.8,74.5,8.4,1328361,91633,14.49653509,12.6,0.0003621,38115,6.500782032,8.358148327
Maryland,2010,547.7,7.4,21.3,191.5,327.5,2997.3,632.9,2051.7,312.6,7.7,5773552,32131,179.6879026,10.9,0.000666141,49691,7.064335181,9.580399766
Massachusetts,2010,466.6,3.2,26.7,105,331.8,2350.5,576.8,1598.8,174.9,8.3,6547629,27336,239.5240342,10.9,0.000407018,52919,7.20354714,9.475806977
Michigan,2010,490.3,5.7,47.3,116.3,321,2713.6,747.4,1689.5,276.8,12.6,9883640,250487,39.45769641,15.7,0.000250414,35769,7.265108619,8.98320863
Minnesota,2010,236,1.8,33.9,63.9,136.4,2572.3,460.3,1950,161.9,7.4,5303925,225163,23.55593503,10.8,0.000155922,42734,6.897926537,10.0243249
Mississippi,2010,269.7,7,31.2,93.7,137.8,2985,1026,1778.4,180.6,10.1,2967297,125438,23.65548717,22.5,0.000393624,31284,7.523019081,9.367372146
Missouri,2010,455,7,23.9,102.4,321.7,3346.4,735.4,2343,268,9.6,5988927,180540,33.17229977,15,0.000455006,37118,7.139950379,9.438427556
Montana,2010,272.2,2.6,32.4,15.9,221.2,2543.8,369.3,2020.3,154.2,7.3,989415,380831,2.598042176,14.5,0.000306242,36398,7.103872952,9.270302291
Nebraska,2010,279.5,3,36.8,56.1,183.6,2673.2,455.9,2019.4,197.9,4.6,1826341,200330,9.116662507,10.2,0.000391493,41260,7.280335921,9.459484088
Nevada,2010,660.6,5.9,35.7,196.2,422.9,2774.7,823,1574.5,377.1,13.5,2700551,286380,9.429956701,16.6,0.000369554,37487,6.815771921,10.95572227
New Hampshire,2010,167,1,31.3,34.3,100.4,2186.3,413.3,1699.5,73.5,5.8,1316470,24214,54.36813414,6.5,0.00040563,47108,6.833559596,8.406753172
New Jersey,2010,307.7,4.2,11.2,134.4,157.9,2081.9,440.5,1464.5,176.9,9.5,8791894,22591,389.1768403,11.1,0.000655604,51131,6.716928171,9.588658332
New Mexico,2010,588.9,6.9,46.5,78.4,457.1,3435.4,1020.5,2160.1,254.8,8.1,2059179,314917,6.538799112,18.3,0.00031226,33714,7.314248872,9.686437695
New York,2010,392.1,4.5,14.3,146.9,226.4,1941.2,335.3,1500.4,105.4,8.6,19378102,141297,137.1444687,16,0.000310247,48818,7.261290999,9.923764365
North Carolina,2010,363.4,5,21.1,100.8,236.5,3447.3,1076.9,2178.4,192,10.9,9535483,139391,68.40816839,17.4,0.000310629,35860,7.111234132,9.838830785
North Dakota,2010,225,1.5,35.2,13.4,174.8,1768.5,292.3,1348.5,127.7,3.8,672591,183108,3.67319287,12.6,0.000278029,44284,8.554313646,9.776358453
Ohio,2010,315.2,4.1,32.1,142.8,136.2,3245.2,923.3,2138.8,183.1,10.3,11536504,116098,99.36867129,15.4,0.000258397,36862,6.930167676,9.175151571
Oklahoma/g,2010,479.5,5.2,38.7,89,346.7,3415.5,999,2144.8,271.6,6.8,3751351,181037,20.72146025,16.3,0.000400922,37271,7.204498655,10.01721388
Oregon,2010,252,2.4,31.7,62.4,155.6,3012.9,512.6,2267.7,232.6,10.6,3831074,254799,15.03567125,14.3,0.000225263,36036,6.837834599,10.05855379
Pennsylvania,2010,366.2,5.2,26.9,128.8,205.3,2173,434.3,1607.4,131.2,8.5,12702379,119280,106.492111,12.2,0.000350407,42268,7.161809077,8.964441294
Puerto rico,2010,384.5,4.5,30.9,102.6,246.5,2894,665.7,2009.1,219.3,16.4,,13791,128.8,14.3,0.000431202,40466,7.482309095,9.304922849
Rhode Island,2010,256.6,2.8,28.1,74.1,151.6,2556.6,581.5,1747.2,227.9,11.2,1052567,4001,263.075981,14,0.000355322,42805,7.674475869,8.784620177
South Carolina,2010,597.7,6.1,31.7,107.7,452.3,3900.4,997.9,2617.2,285.3,11.3,4625364,82933,55.77229812,16.9,0.000475422,32838,7.289312065,9.524701099
South Dakota,2010,268.5,2.8,47.9,18.9,198.9,1852.4,390.7,1364.1,97.6,5,814180,199729,4.076423554,13.6,0.000514628,41417,7.352546288,9.719461874
Tennessee,2010,613.3,5.6,33.7,131.8,442.2,3657.9,1012.2,2411.9,233.8,9.8,6346105,109153,58.13953808,16.7,0.000416634,35856,6.962347982,9.591486381
Texas,2010,450.3,5,30.3,130.6,284.4,3783,909.1,2603.3,270.5,8.1,25145561,695662,36.14623337,18.4,0.000326419,39029,7.591339058,10.71718455
Utah,2010,212.7,1.9,34.3,45.9,130.6,3179.6,543.3,2421,215.2,7.8,2763885,219882,12.56985565,10,0.00025399,32226,8.20644448,11.62999187
Vermont,2010,130.2,1.1,21.1,11.8,96.2,2282.3,537.9,1673.9,70.5,6.1,625741,24906,25.12410664,10.8,0.000858183,41765,7.48324877,8.221727267
Virginia,2010,213.6,4.6,19.1,70.7,119.1,2327.2,382.8,1812.5,131.8,7.1,8001024,110787,72.21988139,10.7,0.000409323,45519,7.270248985,10.07027731
Washington,2010,313.8,2.3,38.1,88.2,185.3,3706.6,820.3,2503.7,382.6,10,6724540,184661,36.41559398,11.6,0.00033296,42352,7.070892562,10.40715877
West Virginia,2010,314.6,3.3,19.1,44.7,247.5,2239.6,580.5,1531.7,127.4,8.6,1852994,62756,29.52696157,16.8,0.000641664,32764,6.698574359,9.112031297
Wisconsin,2010,248.7,2.7,20.9,79.2,145.9,2507.7,467.1,1897.5,143.1,8.7,5686986,169635,33.52483862,10.1,0.000203271,39185,7.101442968,9.485144104
Wyoming,2010,195.9,1.4,29.1,13.5,151.9,2461.6,381.3,1975.4,104.9,6.4,563626,253335,2.224824837,9.6,0.000638721,46638,7.424748964,9.967471211
Alabama,2011,420.1,6.3,28.5,102.2,283,3606.1,1064.3,2319.7,222,9.6,4802740,135767,35.37487018,15.4,0.000322524,35101,7.211248933,9.147154687
Alaska,2011,606.5,4,58.1,79.7,464.6,2632.8,391,2056,185.8,7.9,722718,1723337,0.419371255,11.7,0.000862024,52581,7.997860853,10.88741058
Arizona,2011,405.9,6.2,34.9,109.9,254.8,3554.5,847.3,2401.3,305.9,10.4,6482505,295234,21.95717634,17.2,0.000283378,35175,7.321113644,10.06030582
Arkansas,2011,480.9,5.5,41.3,82.6,351.5,3754.1,1173.3,2383,197.8,8.2,2937979,137732,21.33112857,18.7,1.16E-05,34253,6.997827418,9.658973056
California,2011,411.1,4.8,20.3,144,242,2583.8,610.4,1583.8,389.6,12.2,37691912,423967,88.9029382,16.9,0.000309907,45574,7.710824699,10.69566007
Colorado,2011,320.2,2.9,44.5,64.6,208.1,2606.3,503.6,1886.8,215.9,8.7,5116796,269601,18.97914325,13.2,0.00025172,43635,7.12979982,10.99595888
Connecticut,2011,272.8,3.6,19.2,102.7,147.3,2167.4,437.9,1542.1,187.4,9.1,3580709,14357,249.4050986,10.1,0.000435947,63229,6.866659508,8.814648021
Delaware,2011,559.5,4.5,31.9,169.5,353.5,3410.6,830.2,2411.8,168.7,8.4,907135,6446,140.7283587,13.7,0.001718598,43990,7.031821063,8.97163377
district of Columbia,2011,1202.1,17.5,28,662.3,494.3,4795.5,623,3451.5,721,10.2,617996,177,3491.502825,19.9,0.00040363,66735,7.56724639,13.52645292
Florida,2011,515.3,5.2,27.7,134.4,348,3522,892.9,2421.1,207.9,11.1,19057542,170312,111.8978228,14.9,0.000270129,40482,6.798566735,9.097362682
Georgia,2011,373.2,5.6,20.9,123.8,222.9,3626.5,974.6,2351.7,300.3,10.5,9815210,153910,63.77239945,18.4,0.00026031,36849,7.447292437,9.946055031
Hawaii,2011,287.2,1.2,31.6,75.8,178.6,3337.8,728,2305.6,304.3,6.9,1374810,28313,48.55755307,12.1,0.000411867,42976,7.012168954,10.31790575
Idaho,2011,200.9,2.3,27.4,11.6,159.6,2068.6,436.6,1547.9,84.1,9,1584985,216443,7.322874845,15.7,0.000287069,33627,7.272152733,9.779791607
Illinois,2011,429.3,5.6,28.8,157.4,237.5,2688.8,604.1,1861.1,223.5,10.4,12869257,149995,85.7979066,14.2,0.000275851,44279,7.157824456,10.19744854
Indiana,2011,331.8,4.8,27,107.1,193,3161.8,775.7,2158.8,227.3,10.4,6516922,94326,69.0893497,15.6,0.000271908,37822,7.380240242,9.594312315
Iowa,2011,255.6,1.5,27.2,26.9,199.9,2330.3,568.2,1633.6,128.5,6,3062309,145746,21.01127304,10.4,0.000302713,41078,7.209874836,9.333331124
Kansas,2011,353.9,3.8,37.8,50.8,261.5,3080.1,654.4,2193.2,232.5,7.1,2871238,213100,13.47366495,14.3,0.000445801,43057,7.484624681,9.467306716
Kentucky,2011,238.2,3.5,33.5,84.5,116.7,2708.8,745,1811.1,152.7,10.2,4369356,104656,41.74969424,16,0.000433473,34826,7.016034743,9.567320104
Louisiana,2011,555.3,11.2,27.7,114.5,401.9,3688.5,1012.5,2476.6,199.4,7.4,4574836,135659,33.7230556,21.1,0.00036351,39131,7.33179397,9.9712398
Maine,2011,123.2,2,29.6,27.8,63.8,2545.5,591.3,1873,81.2,7.7,1328188,91633,14.49464712,13.4,0.000358383,39737,6.372582797,8.235337768
Maryland,2011,494.1,6.8,20.5,177.5,289.3,2860.2,614,1970.5,275.7,7.7,5828289,32131,181.39146,9.3,0.000661772,51970,7.064696895,9.48411364
Massachusetts,2011,428.4,2.8,24.7,102.7,298.1,2258.7,554.6,1540.3,163.7,8.3,6587536,27336,240.983904,10.6,0.000436734,54942,7.161911707,9.436302587
Michigan,2011,445.3,6.2,44,105.2,289.9,2612.1,724.9,1629,258.2,12.6,9876187,250487,39.42794237,15,0.000233795,37829,7.364193793,8.886127176
Minnesota,2011,221.2,1.4,31.1,63.4,125.4,2549.4,481.3,1915.1,153.1,7.4,5344861,225163,23.7377411,10,0.000152109,45373,6.908495263,9.840878144
Mississippi,2011,269.8,8,29,83.7,149.1,3025.5,1037.7,1822.5,165.4,9.8,2978512,125438,23.74489389,17.4,2.55E-05,32532,7.333921569,9.276682249
Missouri,2011,447.4,6.1,24.3,104.3,312.7,3308.8,745.7,2308.3,254.8,9.6,6010688,180540,33.29283261,15.4,0.000427073,38536,7.057243098,9.605691994
Montana,2011,267.5,2.8,35.8,16.9,212,2319.7,339.6,1834,146.1,7.3,998199,380831,2.621107525,16.5,0.000324585,38584,7.117234339,9.322574557
Nebraska,2011,253.2,3.6,37.7,54.1,157.7,2752.9,472.9,2057.3,222.7,4.6,1842641,200330,9.198028253,10.2,0.000381518,45744,7.180558774,9.706134619
Nevada,2011,562.1,5.2,33.5,157.9,365.6,2560.5,742.3,1470,348.3,13.5,2723322,286380,9.509469935,15.5,0.000333784,38740,6.754562993,10.8375451
New Hampshire,2011,188,1.3,32.5,36,118.2,2283.9,436.1,1773.9,73.9,5.8,1318194,24214,54.43933262,7.6,0.000429375,49184,6.7664714,8.495131976
New Jersey,2011,308.4,4.3,11.4,138.4,154.3,2150.7,490.2,1463.1,197.4,9.5,8821155,22591,390.4720907,11.4,0.000594933,53237,6.627269468,9.453604976
New Mexico,2011,567.5,7.5,41.2,82.7,436.2,3531.5,1028.9,2242.9,259.7,8.1,2082224,314917,6.611977124,22.2,0.000404375,35069,7.367631148,9.806914434
New York,2011,398.1,4,14.1,145.9,234.1,1912.4,336,1477.2,99.2,8.6,19465197,141297,137.7608654,16,0.000290621,51167,7.272985986,9.988234088
North Carolina,2011,349.8,5.3,20.7,98.9,224.9,3526.8,1099.2,2251.2,176.4,10.9,9656401,139391,69.2756419,15.4,0.000300008,36839,7.087786412,9.515110526
North Dakota,2011,247,3.5,37.9,13.3,192.3,1936.7,355.7,1437.7,143.3,3.8,683932,183108,3.735128995,9.9,0.000276343,49110,8.348008866,10.15842043
Ohio,2011,307.4,4.4,31.5,139.1,132.4,3354.7,976.3,2195.9,182.5,10.3,11544951,116098,99.44142879,15.1,0.000258295,39287,6.938937861,9.040165523
Oklahoma/g,2011,454.8,5.5,37,86.6,325.7,3356.2,958.5,2106.8,290.9,6.8,3791508,181037,20.94327679,13.9,0.000377159,39777,7.330085127,10.00457565
Oregon,2011,247.6,2.1,31.4,57.4,156.6,3114.6,528.1,2352.8,233.7,10.6,3871859,254799,15.1957386,14.4,0.000214367,37596,6.723379545,10.13450593
Pennsylvania,2011,355,5,26.1,126.6,197.3,2222.3,454,1636.1,132.2,8.5,12742886,119280,106.8317069,12.6,0.000622386,44300,7.074076547,8.976759205
Puerto rico,2011,284.4,30.6,1.2,174.4,78.1,1395.2,447.6,789.7,157.9,16,3706690,13791,268.7760133,14.3,0.000420273,42629,7.497933952,9.073932808
Rhode Island,2011,247.5,1.3,28.9,71,146.3,2676.8,662.4,1796.8,217.5,11.2,1051302,4001,262.75981,13.4,0.000342433,44403,7.689033598,9.139794655
South Carolina,2011,571.9,6.8,34.5,92.2,438.4,3904.2,1002.8,2609.4,292,10.5,4679230,82933,56.42181038,19,0.00046311,34406,7.339168667,9.380526839
South Dakota,2011,254.1,2.5,60.2,20.3,171.1,1817.7,351.8,1351.1,114.8,5,824082,199729,4.126000731,14.5,0.000501164,44726,7.222973563,9.265331605
Tennessee,2011,608.2,5.8,31.6,126.2,444.5,3595.9,979.9,2396.8,219.2,9.1,6403353,109153,58.6640129,16.3,0.000408224,37751,6.965256999,9.546785817
Texas,2011,408.5,4.4,29,110.6,264.5,3472.3,838.3,2387.3,246.7,8.1,25674681,695662,36.90683263,17.4,0.000316538,42011,7.543060122,10.66946004
Utah,2011,195,1.9,30.3,38.4,124.4,2973.1,465.8,2287.8,219.5,7.8,2817222,219882,12.81242667,11,0.000244212,34232,8.252555035,11.3724234
Vermont,2011,135.2,1.3,19,13.6,101.4,2309,581.5,1647.7,79.7,6.1,626431,24906,25.15181081,11.6,0.001085515,44150,7.33529423,8.27066732
Virginia,2011,196.7,3.7,19,67.1,106.9,2249.6,377.9,1751.6,120.1,7.1,8096604,110787,73.082618,11.4,0.000405973,47638,7.223775709,10.0248316
Washington,2011,294.6,2.4,33.5,82.5,176.1,3574.6,827.7,2383.3,363.6,10,6830038,184661,36.98690032,12.5,0.00031991,44244,7.035635834,10.52850469
West Virginia,2011,315.9,4.3,20.9,49,241.6,2273.9,603.2,1549.2,121.5,7.8,1855364,62756,29.56472688,17.5,0.000646773,34594,6.703184065,8.921149381
Wisconsin,2011,236.9,2.4,20.4,78.2,135.9,2432.7,466.7,1821.9,144.1,8.7,5711767,169635,33.67092286,13.1,0.000200814,41262,7.048409783,9.530244213
Wyoming,2011,219.3,3.2,25.7,12.5,177.9,2266.4,327.9,1846.8,91.7,6.4,568158,253335,2.242714193,10.7,0.000633627,50726,7.335266598,10.49350638
Alabama,2012,449.9,7.1,26.9,104.1,311.8,3502.2,984.7,2312.8,204.8,8.2,4822023,135767,35.51690028,16.2,8.30E-07,35992,7.122213581,9.01178045
Alaska,2012,603.2,4.1,79.7,86.1,433.2,2739.4,403.3,2128,208.1,7.1,731449,1723337,0.424437588,10,0.000870874,53729,8.284097182,10.88915919
Arizona,2012,428.9,5.5,34.7,112.7,276,3539.2,807.8,2439.1,292.3,8.3,6553255,295234,22.19681676,19,0.000274825,36272,7.264486152,10.00110765
Arkansas,2012,469.1,5.9,42.3,78.7,342.3,3660.1,1081.3,2384.7,194.1,7.6,2949131,137732,21.41209741,20.1,1.22E-05,36533,7.02732076,9.484425921
California,2012,423.1,5,20.6,148.6,248.9,2758.7,646.1,1669.5,443.2,10.4,38041430,423967,89.72733727,15.9,0.000286135,48154,7.658326835,10.74154933
Colorado,2012,308.9,3.1,40.7,65.4,199.6,2684.7,504.2,1947.4,233.1,7.9,5187582,269601,19.24170163,11.9,0.002342903,45586,7.020453845,11.08228786
Connecticut,2012,283,4.1,25.6,102.7,150.6,2140,409.7,1550.7,179.6,8.3,3590347,14357,250.0764087,10.3,0.000394669,64300,6.969305697,8.870025432
Delaware,2012,547.4,6.2,26.5,162.7,352,3340.9,803.7,2380.6,156.6,7.2,917092,6446,142.2730375,13.5,0.001775176,44121,7.030940734,8.873532099
district of Columbia,2012,1243.7,13.9,37.3,638.3,554.1,4860.8,556.5,3725.3,579,9,632323,177,3572.446328,18.4,0.000754939,67655,7.33020624,13.71457942
Florida,2012,487.1,5.2,27.2,123.7,330.9,3276.7,794.9,2288.6,193.2,8.5,19317568,170312,113.4245855,15.3,8.14E-05,41475,6.646675896,9.188051974
Georgia,2012,378.9,5.9,21.4,125.6,226,3410.6,874.9,2248,287.7,9.2,9919945,153910,64.45289455,18.1,0.000513813,37507,7.384204277,9.976011077
Hawaii,2012,239.2,2.1,20.5,74.7,141.9,3075.2,573.1,2243.2,258.9,6,1392313,28313,49.17574966,13.8,0.000770346,44121,7.151397136,10.77745765
Idaho,2012,207.9,1.8,30,15.2,160.9,1983.5,450.3,1447.7,85.5,7.2,1595728,216443,7.372509159,14.4,0.000707514,35201,7.15759929,10.11073466
Illinois,2012,414.8,5.8,27.7,151.2,230,2578.7,552.2,1826.9,199.5,9,12875255,149995,85.8378946,12.6,3.50E-05,46190,7.113759572,10.10644463
Indiana,2012,345.7,4.7,25.5,100.9,214.6,3029.2,728.3,2092,209,8.3,6537334,94326,69.30574815,15.2,0.000510147,39477,7.381782084,9.350257307
Iowa,2012,263.9,1.5,28.3,31.3,202.8,2271.8,556.1,1584.8,130.9,5,3074186,145746,21.09276412,10.3,0.00061317,42953,7.287904148,9.271007317
Kansas,2012,354.6,2.9,36.5,52,263.2,3143.2,650.3,2258,234.9,5.7,2885905,213100,13.54249179,14,0.000316712,45373,7.506385934,9.743388365
Kentucky,2012,222.6,4.5,29,80.7,108.4,2552.9,675.4,1725.2,152.2,8.2,4380415,104656,41.85536424,17.9,0.000298145,35925,6.985670034,9.592997581
Louisiana,2012,496.9,10.8,25.2,119,342,3540.6,915.7,2453.7,171.3,6.8,4601893,135659,33.92250422,21.1,0.000408093,41017,7.232576333,10.0180956
Maine,2012,122.7,1.9,28,31.8,61,2509.9,561.3,1873.7,74.9,7.2,1329192,91633,14.50560388,12.8,0.001228566,40496,6.315273189,8.126630615
Maryland,2012,476.8,6.3,21,172.3,277.2,2753.5,573.2,1924.9,255.3,7,5884563,32131,183.1428527,9.9,8.28E-05,53016,6.972444751,9.683951043
Massachusetts,2012,405.5,1.8,24.7,98.6,280.4,2153,519.7,1494.4,138.9,6.7,6646144,27336,243.12789,11.3,0.000570406,56911,7.121478123,9.495304164
Michigan,2012,454.5,7,46.4,105.6,295.5,2530.5,664.4,1612,254.1,9.1,9883360,250487,39.45657858,13.7,0.00029747,39355,7.264852156,8.786544161
Minnesota,2012,230.9,1.8,30.5,64.6,134,2568.3,471.8,1939.3,157.2,5.6,5379139,225163,23.88997748,10,0.000445239,47822,6.752396173,9.979644345
Mississippi,2012,260.8,7.4,27.5,76.5,149.4,2811,940.6,1725.6,144.8,8.8,2984926,125438,23.79602672,22,0.000264998,33632,7.633267156,9.08262168
Missouri,2012,450.9,6.5,25.1,96,323.4,3314.4,705.2,2338.4,270.8,6.9,6021988,180540,33.35542262,15.2,1.21E-05,40322,7.062735827,9.46602788
Montana,2012,272.2,2.7,37.7,19,212.8,2583.7,387.4,2028.3,168,6,1005141,380831,2.639336083,13.4,0.002670272,40750,7.01236145,9.116069885
Nebraska,2012,259.4,2.9,38.3,60.9,157.4,2754.9,470.8,2060.7,223.5,4,1855525,200330,9.262342135,12.2,0.000162757,46801,7.16380841,10.04923124
Nevada,2012,607.6,4.5,33.7,178.3,391.1,2809.4,801.8,1644.6,363.1,11.2,2758931,286380,9.633811719,15.8,0.000264958,39840,6.76021894,10.64482236
New Hampshire,2012,187.9,1.1,34,35.7,117,2324,412.2,1834.3,77.5,5.5,1320718,24214,54.54356984,8.1,0.000712491,51224,6.773871788,8.491882749
New Jersey,2012,290.2,4.4,11.7,128.4,145.7,2047.3,477.6,1383.7,185.9,9.3,8864590,22591,392.394759,9.3,6.22E-05,55115,6.727419632,9.45738702
New Mexico,2012,559.1,5.6,45.9,88.6,419.1,3600.7,1025.3,2313.4,261.9,7.1,2085538,314917,6.622500532,20.4,0.002662622,35793,7.195129746,9.775452138
New York,2012,406.8,3.5,14.6,146.4,242.3,1922,329.9,1503.5,88.6,8.5,19570261,141297,138.5044339,17.2,3.18E-05,53599,7.17368591,9.984995254
North Carolina,2012,353.4,4.9,20.3,96.3,231.8,3369.5,1018.5,2185.7,165.3,9.3,9752073,139391,69.96199898,17.2,0.000583363,38984,7.112876021,9.548792467
North Dakota,2012,244.7,4,38.9,18.7,183.1,2010.1,339.8,1505.8,164.5,3.1,699628,183108,3.820848898,11.4,0.004135055,56671,8.688970424,10.37565292
Ohio,2012,299.7,4.3,31.7,132,131.7,3117.4,895.9,2052.5,169,7.4,11544225,116098,99.43517546,15.4,1.65E-05,40837,6.940734679,9.091384861
Oklahoma/g,2012,469.3,5.7,41.6,84.7,337.3,3401,936.6,2161.3,303.1,5.2,3814820,181037,21.07204605,18,0.000109573,42188,7.232630163,10.00678968
Oregon,2012,247.6,2.4,29.2,61.9,154.1,3224.2,561.7,2400.9,261.7,8.8,3899353,254799,15.30364326,13.5,0.000378011,39370,6.741100485,10.11165073
Pennsylvania,2012,348.7,5.4,26.1,122.8,194.4,2166.3,445.5,1603.1,117.7,7.8,12763536,119280,107.004829,13.9,6.28E-05,46022,7.028020699,9.02905437
Puerto rico,2012,273.8,26.7,0.9,171.7,74.5,1409.3,416.9,833,159.4,14.5,3667084,13791,265.9041404,14.3,0.000786067,44356,7.619307521,9.152753059
Rhode Island,2012,252.4,3.2,27.4,67.9,153.9,2572.3,566.4,1755.7,250.2,10.4,1050292,4001,262.5073732,13.6,0.006187803,45978,7.721052812,9.023980474
South Carolina,2012,558.8,6.9,35.5,95,421.4,3822.2,954.5,2588.3,279.5,9,4723723,82933,56.95830369,16.7,7.54E-05,35852,7.241562831,9.185606544
South Dakota,2012,321.8,3,70.2,19,229.7,2060.1,391,1541.4,127.8,4.3,833354,199729,4.172423634,12.8,0.00280553,45384,7.269591914,9.776347747
Tennessee,2012,643.6,6,31.5,126.5,479.6,3371.4,870.2,2300.1,201,8,6456243,109153,59.14856211,18.6,6.10E-05,39418,6.916644123,9.693043524
Texas,2012,408.6,4.4,29.6,116.6,258,3361.8,785.9,2326.4,249.4,6.7,26059203,695662,37.4595752,17,0.000101231,44193,7.550780183,10.68037986
Utah,2012,205.8,1.8,33,38.5,132.5,2991.8,453.3,2328.4,210.1,5.4,2855287,219882,12.98554225,11,0.000232201,36085,8.141897329,11.30819074
Vermont,2012,142.6,1.3,19.3,17.9,104.2,2398.7,633.4,1695.8,69.5,5,626011,24906,25.1349474,11.2,0.001092633,45588,7.359042573,8.39622307
Virginia,2012,190.1,3.8,17.7,57.5,111.1,2162.1,360.5,1690.7,110.9,6.1,8185867,110787,73.88833527,10.6,0.000418771,49366,7.062984043,10.20208806
Washington,2012,295.6,3,31.8,83.3,177.5,3658.6,880.5,2395.3,382.8,8.1,6897012,184661,37.34958654,11.6,0.000320284,47357,6.985634649,10.42855458
West Virginia,2012,316.3,3.9,22.7,45.2,244.6,2364.9,608.5,1637.3,119.1,7.3,1855413,62756,29.56550768,16.7,0.000676399,35478,6.584262048,8.893667394
Wisconsin,2012,280.5,3,21.3,80.7,175.5,2453.8,488,1822.3,143.5,7,5726398,169635,33.75717275,11.4,0.000204142,43043,6.949974137,9.432107758
Wyoming,2012,201.4,2.4,26.7,10.6,161.7,2293.8,368.7,1823.9,101.3,5.3,576412,253335,2.275295557,9.6,0.000621084,54104,7.21159726,10.25875103
Alabama,2013,430.8,7.2,42.3,96.2,285.2,3351.3,877.8,2254.8,218.7,7.3,4833722,135767,35.60306997,16.7,5.34E-05,36258,7.121939222,9.205227566
Alaska,2013,640.4,4.6,125.4,84.9,425.5,2885.2,396.7,2258,230.6,7,735132,1723337,0.426574721,10.9,0.000874673,52843,8.567692877,11.77400739
Arizona,2013,416.5,5.4,46,101.1,263.9,3399.1,732.4,2403.5,263.2,7.7,6626624,295234,22.44532811,20.2,0.000286571,36739,7.266453567,10.00381621
Arkansas,2013,460.3,5.4,48.1,76.3,330.5,3602.6,1030.1,2380.6,191.9,7.2,2959373,137732,21.48645921,17.1,1.05E-05,36605,7.012946594,9.482293986
California,2013,402.1,4.6,25.3,139.9,232.3,2658.1,605.4,1621.5,431.2,8.9,38332521,423967,90.41392608,14.9,0.000310389,48549,7.512965677,10.79677849
Colorado,2013,308,3.4,55.7,59.8,189.1,2658.5,476.1,1944.5,237.9,6.9,5268367,269601,19.54134814,10.6,0.000232899,47339,7.031337035,11.09946775
Connecticut,2013,262.5,2.4,26.6,98.2,135.4,1974.1,358.5,1442.6,173,7.8,3596080,14357,250.4757261,11.3,0.000472181,62900,7.015170741,8.915112817
Delaware,2013,491.4,4.2,41,132.4,313.7,3065.5,662.3,2259.4,143.9,6.7,925749,6446,143.616041,14,0.001719689,44478,6.820234102,9.335497743
district of Columbia,2013,1300.3,15.9,61.1,630.8,592.5,4808.3,513,3795,500.3,8.4,646449,177,3652.254237,21.3,0.000377736,67066,7.103739042,13.828612
Florida,2013,470.4,5,34.6,118.7,312.3,3105.3,710.5,2216.3,178.6,7.2,19552860,170312,114.8061205,14.9,0.000288398,41069,6.604441575,9.197296416
Georgia,2013,365.7,5.6,25.8,125,209.3,3346.6,823.2,2254.9,268.5,8.2,9992167,153910,64.92214281,16.3,0.000107784,37813,7.373116702,9.912203249
Hawaii,2013,251.6,1.5,27.4,80.6,142.2,3053.7,536.5,2254.8,262.4,4.9,1404054,28313,49.59043549,11.1,0.000385605,44378,7.139276481,10.8861308
Idaho,2013,217,1.7,40.6,13.6,161,1864.3,411.9,1357.1,95.3,6.1,1612136,216443,7.448316647,12.9,0.000287197,36229,7.444166745,9.556700551
Illinois,2013,380.2,5.5,33.1,137.6,204,2274.3,452.1,1659.8,162.5,9,12882135,149995,85.88376279,13.3,0.00024305,47285,7.072244096,10.11723808
Indiana,2013,357.4,5.4,32.6,108.2,211.3,2854,653,1984.9,216.2,7.7,6570902,94326,69.66162034,11.6,0.000272109,39829,7.22345194,9.385573609
Iowa,2013,271.4,1.4,35,30.4,204.6,2193.9,513.5,1543,137.4,4.7,3090416,145746,21.20412224,10.8,0.000289929,43555,7.271810332,9.250534232
Kansas,2013,339.9,3.9,41.3,46.6,248.1,2946.8,600.4,2117,229.5,5.3,2893957,213100,13.58027687,13.2,0.000438154,46291,7.516097544,9.955096085
Kentucky,2013,209.8,3.8,36.7,73.9,95.5,2362.9,596.4,1629.3,137.2,8,4395295,104656,41.99754434,20,0.00046709,36131,6.988279831,9.596581458
Louisiana,2013,518.5,10.8,35,119.9,352.8,3582,890.4,2493.6,198,6.4,4625470,135659,34.09630028,19.2,0.000372286,41396,7.219951097,10.1469583
Maine,2013,129.3,1.8,33.7,25.2,68.7,2292.2,488.1,1735.3,68.8,6.7,1328302,91633,14.49589122,12.3,0.000367386,40452,6.361446418,8.318814547
Maryland,2013,473.8,6.4,25.8,169.5,272,2663.5,538.9,1898.3,226.3,6.6,5928814,32131,184.5200585,10.3,0.000645998,52576,6.886238867,9.795917261
Massachusetts,2013,413.4,2,40.6,100.2,270.5,2051.2,459.2,1455.7,136.3,6.7,6692824,27336,244.8355282,11.9,0.000440024,56977,7.080464151,9.65076963
Michigan,2013,449.9,6.4,66.6,102.1,274.8,2327.6,569.4,1510,248.3,8.8,9895622,250487,39.50553123,14.5,0.000255669,39696,7.314977896,8.738698426
Minnesota,2013,234.4,2.1,37,67.8,127.5,2420.4,419,1854.4,147,5,5420380,225163,24.07313813,12,0.000147591,47977,6.800723898,9.878423764
Mississippi,2013,274.6,6.5,31.1,80.5,156.5,2724.7,835.6,1742.3,146.7,8.5,2991207,125438,23.84609927,22.5,2.47E-05,34222,7.568589937,9.121121206
Missouri,2013,433.4,6.1,37.8,90.7,298.7,3137,643,2223.9,270.1,6.7,6044171,180540,33.4782929,13.7,0.00045002,40576,6.955082575,9.599973131
Montana,2013,252.9,2.2,40.4,20.1,190.2,2556.5,400.3,1974,182.2,5.4,1015165,380831,2.66565747,14.5,0.000301429,40746,6.992215059,9.339601543
Nebraska,2013,262.1,3.1,42.9,55.7,160.5,2623.4,476.3,1908.2,238.9,3.8,1868516,200330,9.327190136,11,0.000372488,46842,7.130763451,9.903838126
Nevada,2013,603,5.8,50.8,185.8,360.6,2837.7,826,1653.4,358.3,9.6,2790136,286380,9.742775333,17.4,0.00019999,39565,6.788707791,10.76135902
New Hampshire,2013,215.3,1.7,51.8,49,112.7,2194.3,373,1750.3,71,5.1,1323459,24214,54.65676881,9,0.000383843,51010,6.854766034,8.432841667
New Jersey,2013,288.5,4.5,12.6,135.8,135.6,1882.8,403.1,1325.2,154.5,8.2,8899339,22591,393.9329379,11.1,0.000419469,55599,6.638131933,9.566719551
New Mexico,2013,613,6,70.3,86.8,449.9,3704.8,1029.9,2391.8,283.2,6.9,2085287,314917,6.621703496,21.7,0.000393639,35149,7.339676121,9.72011162
New York,2013,393.7,3.3,17.1,138.6,234.7,1824.8,287.2,1458.8,78.8,7.7,19651127,141297,139.0767461,14.5,0.000288838,54117,7.036471521,10.19075186
North Carolina,2013,342.2,4.8,24.1,94.9,218.4,3128,921,2058.7,148.3,8,9848060,139391,70.65061589,18.6,0.000325242,38225,7.25625579,9.545141845
North Dakota,2013,270.1,2.2,45.6,22.4,199.9,2094,405.6,1492.7,195.7,2.9,723393,183108,3.95063569,9.9,0.000268181,55222,8.828370609,10.92064341
Ohio,2013,286.2,3.9,34.9,124.2,123.2,2927.5,790.2,1968.5,168.8,7.5,11570808,116098,99.66414581,13.7,0.000243544,41373,6.943920131,9.1444582
Oklahoma/g,2013,441.2,5.1,56.6,78.7,300.8,3273.7,866.1,2116.4,291.2,5.3,3850568,181037,21.26950844,14,0.000394747,43951,7.329424023,9.805580787
Oregon,2013,254,2,48.3,61,142.7,3173.9,528.5,2394.5,250.9,7.9,3930065,254799,15.42417749,15.1,0.000212974,39787,6.685295536,10.10222437
Pennsylvania,2013,335.4,4.7,29.5,115.6,185.7,2060.8,407.3,1545.6,107.8,7.4,12773801,119280,107.090887,12.4,0.000505096,46456,6.891499468,9.139790075
Puerto rico,2013,258,24.4,0.9,166.4,66.3,1351.3,386.2,812.2,153,14.2,3615086,13791,262.1337104,14,0.000401839,44522,7.50941582,8.944336041
Rhode Island,2013,257.2,2.9,41.8,65,147.4,2442,533.2,1696.4,212.4,9.3,1051511,4001,262.812047,13.5,0.000341413,45990,7.610747201,9.46464716
South Carolina,2013,508.5,6.2,45.5,83.2,373.6,3624.2,857.8,2502.9,263.5,7.4,4774839,82933,57.57465665,15.9,0.000451952,36005,7.194682208,9.187803631
South Dakota,2013,316.5,2.4,59.1,18.8,236.2,1914.7,399.1,1404.6,111,3.8,844877,199729,4.230116808,10.3,0.000486461,45525,7.279544833,9.739528949
Tennessee,2013,590.6,5,36.2,112.5,436.9,3180.9,785.1,2213.7,182.1,7.7,6495978,109153,59.51259242,18.1,0.000434577,39519,6.938585937,9.528339844
Texas,2013,408.3,4.3,36.9,120.2,246.9,3258.2,721.8,2287.8,248.6,6.3,26448193,695662,38.01874042,16.8,0.000347018,44745,7.554826479,10.63640044
Utah,2013,224,1.7,49,42.8,130.4,2950.4,459.6,2233.4,257.3,4.6,2900872,219882,13.19285799,8.3,1.86E-05,36628,8.247048198,11.36483471
Vermont,2013,121.1,1.6,20.7,11.6,87.1,2214.2,528.7,1632.2,53.3,4.4,626630,24906,25.15980085,8.7,0.00090484,46224,7.241080702,8.374038907
Virginia,2013,196.2,3.8,27.4,55.3,109.7,2065.9,322.5,1640.1,103.3,5.7,8260405,110787,74.56113984,10.4,0.000424555,48654,7.176861401,10.27372625
Washington,2013,289.1,2.3,36.9,83.5,166.4,3710.3,837,2465.9,407.4,7,6971406,184661,37.7524545,12,0.000336374,47912,6.930314631,10.56997627
West Virginia,2013,300.3,3.3,35.2,35.1,226.7,2103.9,521.7,1478.9,103.3,6.7,1854304,62756,29.54783606,17.3,0.000676804,35354,6.724324814,8.94928523
Wisconsin,2013,277.9,2.8,29.4,84.2,161.6,2188.7,424,1636,128.6,6.7,5742713,169635,33.85334984,11,0.00017396,43194,6.961348756,9.447544741
Wyoming,2013,205.1,2.9,32.1,12.9,157.2,2198.4,335.5,1763.6,99.2,4.7,582658,253335,2.299950658,11.8,0.000561221,53620,7.250320771,10.1096022
Alabama,2014,427.4,5.7,41.3,96.9,283.4,3177.6,819,2149.5,209.1,6.7,4849377,135767,35.71837781,17.8,2.91E-05,37384,7.069020907,9.150992818
Alaska,2014,635.8,5.6,104.7,85.4,440.2,2760,427.6,2096.4,236,6.9,736732,1723337,0.427503152,11.9,0.0008592,55910,8.583236238,11.67110781
Arizona,2014,399.9,4.7,50.2,92.8,252.1,3197.5,647.1,2289.1,261.3,6.8,6731484,295234,22.80050401,21.2,0.00028389,38211,7.25055747,9.882609154
Arkansas,2014,480.1,5.6,59.4,69.1,346,3338,835.7,2313.5,188.8,6,2966369,137732,21.53725351,18.4,1.05E-05,38650,7.120921571,9.47819216
California,2014,396.1,4.4,29.7,125.5,236.6,2441.1,522.3,1527.4,391.3,7.5,38802500,423967,91.5224534,15.8,0.000304285,51332,7.347824589,10.87279449
Colorado,2014,309.1,2.8,56.7,56.7,192.8,2530.1,438.2,1857.1,234.8,5,5355866,269601,19.86589812,12.3,3.30E-05,50706,7.038336284,11.21106422
Connecticut,2014,236.9,2.4,21.7,87.8,125,1920.4,332.4,1418.1,169.9,6.6,3596677,14357,250.5173086,8.6,0.000474049,65844,7.120487494,8.924994599
Delaware,2014,489.1,5.8,41.3,135.6,306.4,2982,616.5,2230.1,135.4,5.7,935614,6446,145.1464474,11,0.001744309,46115,6.793474659,9.268240428
district of Columbia,2014,1244.4,15.9,71.6,530.7,626.1,5182.5,526,4082.3,574.1,7.7,658893,177,3722.559322,19,0.00029098,70494,6.832543676,14.61405175
Florida,2014,540.5,5.8,43,125.2,366.4,3415.5,719.9,2481.5,214,6.3,19893297,170312,116.8050225,16.7,0.000167494,43388,6.451088002,9.285656973
Georgia,2014,377.3,5.7,30.2,123,218.4,3281.2,756.9,2258.4,266,7.1,10097343,153910,65.60550322,16.8,0.000107949,39994,7.360478781,9.895213196
Hawaii,2014,259.2,1.8,31.3,78,148.1,3050,547.9,2228.9,273.3,4.4,1419561,28313,50.13813443,10.8,0.00029098,46658,7.074287051,11.11673679
Idaho,2014,212.2,2,37.3,12.5,160.5,1854.8,393.3,1359.9,101.6,4.8,1634464,216443,7.551475446,12.4,0.000283273,37863,7.298374268,9.547873187
Illinois,2014,370,5.3,32.3,118.8,213.7,2075.9,388.2,1552.2,135.5,7.1,12880580,149995,85.87339578,13.7,0.000227707,49564,6.968055088,10.20672858
Indiana,2014,365.3,5,33.1,104.5,222.6,2649.4,559.3,1880,210.1,6,6596855,94326,69.93676187,14.6,0.000277708,41274,7.277845155,9.44152885
Iowa,2014,273.5,1.9,36.3,33.6,201.6,2093.8,464.4,1495.8,133.6,4.2,3107126,145746,21.31877376,10.3,0.000281289,44856,7.258828448,9.39670258
Kansas,2014,348.6,3.1,48.6,46.9,250,2735.2,545,1952.4,237.8,4.5,2904021,213100,13.62750352,12.1,0.000445933,47169,7.513261612,10.05085328
Kentucky,2014,211.6,3.6,32.6,75.6,99.8,2246.9,526.7,1577.1,143.2,6.5,4413457,104656,42.17108431,20,0.000449761,37744,7.044468633,9.556831572
Louisiana,2014,514.7,10.3,29.6,122.5,352.4,3458.8,824.5,2421.6,212.7,6.3,4649676,135659,34.27473297,23.1,0.00029098,43112,7.183318838,10.11528571
Maine,2014,127.8,1.6,36.5,22.9,66.9,1986.4,378.2,1548.2,60.1,5.6,1330089,91633,14.51539293,14.6,0.000359374,41964,6.134955781,8.423391668
Maryland,2014,446.1,6.1,27.1,159.7,253.2,2507.5,468.7,1819.6,219.2,5.8,5976407,32131,186.001276,9.8,0.000649052,54100,6.735628731,9.982298696
Massachusetts,2014,391.4,2,32.3,89.5,267.6,1857.1,370.1,1364.5,122.5,5.7,6745408,27336,246.7591454,13.6,0.000444154,59400,7.125481705,9.694532933
Michigan,2014,427.3,5.4,63.3,80.9,277.7,2043.9,445.9,1384.5,213.5,7.2,9909877,250487,39.56244037,14.8,0.000267006,41383,7.266064311,8.935295302
Minnesota,2014,229.1,1.6,36.7,67.6,123.3,2297.5,380.7,1763.5,153.3,4.2,5457173,225163,24.23654419,8.3,0.000122041,50157,6.661292981,10.1410729
Mississippi,2014,278.5,8.6,35.3,81.2,153.4,2921.2,813.3,1956.9,150.9,7.6,2994079,125438,23.86899504,22.1,3.87E-05,34846,7.352245148,9.445930852
Missouri,2014,442.9,6.6,39.2,92.2,304.8,2906.5,581.5,2055.3,269.8,6.1,6063589,180540,33.58584801,10.4,0.000454186,41973,6.95648808,9.552923772
Montana,2014,323.7,3.6,52.9,19.8,247.4,2472.9,351.2,1922.1,199.6,4.7,1023579,380831,2.68775126,12,0.000287227,42591,7.022150708,9.479903456
Nebraska,2014,280.4,2.9,45.8,55.4,176.2,2523.5,422.5,1864.1,236.8,3.3,1881503,200330,9.39201817,11.8,0.000365665,49216,7.214900269,10.00134451
Nevada,2014,635.6,6,47.8,209.7,372.1,2625.4,772.3,1494.3,358.7,7.9,2839099,286380,9.913747468,17,0.000187031,41637,6.683703245,10.60346906
New Hampshire,2014,196.1,0.9,44.8,40.5,110,1962.7,313.7,1584.4,64.6,4.3,1326813,24214,54.79528372,7.2,0.000403976,52839,6.958687773,8.735374013
New Jersey,2014,261.2,3.9,14.3,117.5,125.6,1734.1,354.8,1248.3,131,6.8,8938175,22591,395.6520296,11.3,0.000621492,58137,6.687993545,9.714676754
New Mexico,2014,597.4,4.8,70.7,100,421.8,3542.3,887.3,2353.4,301.6,6.7,2085572,314917,6.622608497,20,0.000417152,37304,7.37850676,9.656435021
New York,2014,381.8,3.1,27.5,121.8,229.4,1718.2,257.2,1381.4,79.7,6.3,19746227,141297,139.7497965,14,0.000288663,56270,6.933609074,10.27919667
North Carolina,2014,329.5,5.1,24.3,84.6,215.4,2873.1,798.2,1937.8,137.1,6.3,9943964,139391,71.33863736,17.1,0.000327737,40061,7.109748567,9.398503243
North Dakota,2014,265.1,3,48.4,23.4,190.3,2110.3,366.1,1539.5,204.7,2.7,739482,183108,4.038501868,9.7,0.000256937,57963,8.651337017,10.94139682
Ohio,2014,284.9,4,43.5,110,127.4,2799.1,680,1963.6,155.4,5.8,11594163,116098,99.86531206,15.6,0.000216143,42984,6.854501183,9.253576597
Oklahoma/g,2014,406,4.5,45.8,78.6,277,2990.7,760.9,1956.9,272.9,4.5,3878051,181037,21.42131719,17.3,2.50E-05,46522,7.329536821,10.00382728
Oregon,2014,232.3,2,36.7,52.7,140.8,2879,434,2204.6,240.5,6.8,3970239,254799,15.58184687,14.4,0.000313079,42133,6.629708237,10.09298866
Pennsylvania,2014,314.1,4.8,29.9,105.8,173.5,1931.7,357.5,1472.2,102,5.9,12787209,119280,107.2032948,12.5,0.00051489,48394,6.797431324,9.291452889
Puerto rico,2014,236.2,19.2,1.6,145.7,69.7,1285.7,339.2,815.8,130.7,13.8,3548397,13791,257.2980204,14.1,0.00029098,46558,7.589278426,8.886180436
Rhode Island,2014,219.2,2.4,34.2,50.1,132.5,2173.6,457.1,1542.8,173.7,7.7,1055173,4001,263.7273182,11.3,0.000362974,47937,7.370431199,9.552466752
South Carolina,2014,497.7,6.4,42.8,82.7,365.8,3460.3,759.9,2433.4,267,6.3,4832482,82933,58.26971169,16.5,0.000223281,37878,7.152634464,9.196244311
South Dakota,2014,326.5,2.3,55.1,23.4,245.7,1863.9,330.3,1415.5,118,3.4,853175,199729,4.271663104,12.8,0.000492279,47374,7.263485803,9.617857063
Tennessee,2014,608.4,5.7,38.6,110.9,453.2,3060.6,712.2,2156,192.4,6.6,6549352,109153,60.00157577,17.3,0.000444471,40841,6.819420608,9.547188852
Texas,2014,405.9,4.4,42.3,115.7,243.6,3019.4,627.8,2137.3,254.3,5.1,26956958,695662,38.75007978,16.4,0.00029098,47273,7.447604251,10.77420082
Utah,2014,215.6,2.3,49.4,44.6,119.4,2878.5,391.4,2239.1,248,3.8,2942902,219882,13.38400597,10.2,0.000248394,38328,8.144456526,11.16092191
Vermont,2014,99.3,1.6,17.6,11.2,68.9,1524.4,324.6,1160.8,38.9,3.9,626562,24906,25.15707059,9.3,0.000762893,48260,7.287446095,8.321475608
Virginia,2014,196.2,4.1,27.7,51.5,112.9,1930.3,277.7,1560.5,92.1,5.2,8326289,110787,75.15583056,10.2,0.000416392,50428,7.028965161,10.27310293
Washington,2014,285.2,2.5,38.2,79.9,164.7,3706.1,783,2489.1,434,6.1,7061530,184661,38.24050558,12,0.000328399,50966,6.897717435,10.69646037
West Virginia,2014,302,4,27.3,35.2,235.5,2034.7,484.9,1447.3,102.5,6.5,1850326,62756,29.4844477,20.6,0.00029098,36618,6.624125911,8.947513357
Wisconsin,2014,290.3,2.9,29.1,88,170.4,2088.3,368.5,1547.6,172.3,5.4,5757564,169635,33.94089663,10.9,0.000185842,44905,6.899784319,9.580276068
Wyoming,2014,195.5,2.7,29.8,9.1,153.9,1964.7,289.1,1572.4,103.2,4.1,584153,253335,2.305851935,9.7,0.00029098,57530,7.274957588,11.03962096
Alabama,2015,472.4,7.2,42,94.9,328.3,2978.9,725.6,2040.7,212.7,6.1,4858979,135767,35.78910192,16.3,0.000287921,38954,6.92433184,9.345426889
Alaska,2015,730.2,8,122,103.1,497.1,2817.6,475.5,2065.1,277.1,6.5,738432,1723337,0.428489611,9.2,0.000359089,57629,8.63261343,12.15935184
Arizona,2015,410.2,4.5,45.5,93.1,267.1,3033.2,555.9,2231.5,245.8,6.1,6828065,295234,23.12763774,17.2,0.000279288,39635,7.094192205,10.12038608
Arkansas,2015,521.3,6.1,64.8,70.4,380,3251.5,760.2,2297.5,193.8,5,2978204,137732,21.62318125,16.1,1.14E-05,39842,6.978292689,9.484580908
California,2015,426.3,4.8,32.7,135,253.8,2618.3,504.3,1677.1,436.8,6.2,39144818,423967,92.32987001,13.9,0.000297408,54632,7.250823003,11.02522402
Colorado,2015,321,3.2,59.7,60.9,197.2,2641.5,429.8,1918.5,293.2,3.9,5456574,269601,20.23944273,9.9,0.000261153,52222,7.032669217,11.4029708
Connecticut,2015,218.5,3.3,21.5,80.5,113.1,1812,280,1355.5,176.5,5.7,3590886,14357,250.1139514,9.1,0.000473699,67761,7.123623473,9.221676962
Delaware,2015,499,6.7,36,130.6,325.7,2691,504.6,2061.6,124.9,4.9,945934,6446,146.7474403,11.1,0.001742193,47997,6.684684555,9.591069144
district of Columbia,2015,1269.1,24.1,73.5,556.7,614.8,4676.2,442,3748.7,485.5,6.9,672228,177,3797.898305,16.6,0.000359089,74352,6.753379806,14.50549888
Florida,2015,461.9,5.1,37.3,104.3,315.2,2813.2,539,2073.6,200.6,5.5,20271272,170312,119.0243318,16.2,0.000226577,45493,6.294472799,9.368517654
Georgia,2015,378.3,6,31.6,119.9,220.8,3022.3,649.8,2113.3,259.2,6,10214860,153910,66.36904685,18.1,3.48E-05,41974,7.257497822,9.98514801
Hawaii,2015,293.4,1.3,39.2,84,168.9,3796.2,458,2934.5,403.7,3.6,1431603,28313,50.56345142,10.9,0.000359089,48566,6.934533876,11.43945004
Idaho,2015,215.6,1.9,41.9,11.6,160.1,1743.8,370,1260.7,113.1,4.2,1654930,216443,7.646031519,12.3,0.000296689,39622,7.044496081,9.992193023
Illinois,2015,383.8,5.8,37.5,115.9,224.6,1988.6,361.1,1490.2,137.3,6,12859995,149995,85.73615787,10.9,0.000238958,51864,6.918908872,10.20661734
Indiana,2015,387.5,5.6,36.3,107.4,238.2,2596,519.8,1872,204.2,4.8,6619680,94326,70.17874181,13.5,0.000271614,42778,7.273118519,9.533682383
Iowa,2015,286.1,2.3,37,33.5,213.2,2047.3,476.7,1431.6,139,3.8,3123899,145746,21.43385753,10.4,0.000279138,46304,7.340018739,9.373402309
Kansas,2015,389.9,4.4,55.5,62.4,267.6,2720.1,527.6,1953.5,238.9,4.2,2911641,213100,13.66326138,14.2,0.000435493,47527,7.665110362,9.855141894
Kentucky,2015,218.7,4.7,33.7,74.7,105.5,2177.6,503,1498.7,175.9,5.3,4425092,104656,42.28225806,19.5,5.33E-05,39360,6.930020257,9.485772409
Louisiana,2015,539.7,10.3,36.9,118.8,373.7,3353.4,759,2385.8,208.6,6.3,4670724,135659,34.4298867,18.6,0.000359089,43146,7.097686676,10.37730742
Maine,2015,130.1,1.7,35.7,23.4,69.3,1830,352.4,1416.4,61.2,4.4,1329328,91633,14.50708806,12.3,0.000361085,43888,6.268719233,8.227693993
Maryland,2015,457.2,8.6,27.7,164.2,256.7,2315,427.5,1668.5,218.9,5.1,6006401,32131,186.934767,9.6,0.000643813,56392,6.691261939,9.988405503
Massachusetts,2015,390.9,1.9,30.5,77.8,280.7,1690.7,322.2,1249.7,118.8,4.8,6794422,27336,248.5521656,11.5,0.000443305,62998,7.036958847,9.900273136
Michigan,2015,415.5,5.8,65,78.6,266.2,1885.6,403.5,1323.2,158.9,5.4,9922576,250487,39.61313761,12.8,0.000277851,43655,7.126926667,9.092975403
Minnesota,2015,242.6,2.4,42.3,68.7,129.2,2222.1,351.6,1725.2,145.4,3.7,5489594,225163,24.38053321,7.8,0.000122596,52229,6.663954019,10.14512403
Mississippi,2015,275.8,8.7,40.2,76.7,150.3,2833.6,828.8,1863,141.8,6.5,2992333,125438,23.85507581,19.1,1.37E-05,35470,7.357845534,9.342527553
Missouri,2015,497.4,8.3,42,104.8,342.4,2854.2,559,2015.8,279.4,5,6083672,180540,33.69708652,9.8,0.000455153,43334,7.013218908,9.563480329
Montana,2015,349.6,3.5,53,20.3,272.8,2623.6,371.6,2017.9,234.1,4.2,1032949,380831,2.712355349,11.9,0.000282686,44066,7.135075594,9.396191099
Nebraska,2015,274.9,3.3,46,52.4,173.1,2241.1,338.7,1691.4,211,3,1896190,200330,9.465332202,10.3,0.000371798,50887,7.257605725,10.09105454
Nevada,2015,695.9,6.2,58.4,217.5,413.9,2668.3,773.5,1502.2,392.7,6.8,2890845,286380,10.09443746,13,0.000204784,44314,6.459074215,10.66498301
New Hampshire,2015,199.3,1.1,47.1,35.2,116,1745.7,260.6,1418.2,67,3.4,1330608,24214,54.95201123,7.3,0.00040583,54935,6.920162813,8.69963325
New Jersey,2015,255.4,4.1,15.3,108.6,127.4,1626.5,312.1,1182.9,131.5,5.8,8958013,22591,396.5301669,11.2,0.00067448,60551,6.593096259,9.718712264
New Mexico,2015,656.1,5.6,80.2,119.2,451.2,3697.4,819.4,2469.1,408.9,6.5,2085109,314917,6.621138268,19.7,0.000359089,38211,7.148815338,9.978554742
New York,2015,379.7,3.1,30.7,120.9,225,1604,223.7,1303,77.4,5.3,19795791,141297,140.1005754,14.2,0.000292941,58743,6.849635218,10.34732129
North Carolina,2015,347,5.1,26.7,87.9,227.3,2750.1,745.2,1871.1,133.8,5.7,10042802,139391,72.04770753,15.3,0.000325208,41778,7.215206354,9.457770491
North Dakota,2015,239.4,2.8,45.6,19.6,171.5,2116.5,395.9,1511.4,209.1,2.8,756927,183108,4.133773511,10.7,0.000270832,54503,8.358625391,11.53797983
Ohio,2015,291.9,4.3,44.3,108.1,135.1,2587.7,596.7,1842.6,148.4,4.9,11613423,116098,100.0312064,13.6,0.00022009,44641,6.803069078,9.397045057
Oklahoma/g,2015,422,6,47.3,76.8,291.9,2885.9,726.2,1892.5,267.2,4.4,3911338,181037,21.60518568,14.2,1.79E-05,44785,7.289438678,10.0663677
Oregon,2015,259.8,2.5,39.5,53.3,164.6,2946.6,455.1,2229.7,261.8,5.6,4028977,254799,15.81237367,11.9,0.000327378,44693,6.477406597,10.53196645
Pennsylvania,2015,315.1,5.1,33.6,101.6,174.8,1812.8,309.8,1408.2,94.8,5.3,12802503,119280,107.3315141,12.3,0.000534817,50352,6.799078227,9.391532515
Puerto rico,2015,219.6,16.8,4.7,117.1,80.9,1085.6,263.4,705,117.3,12.1,3474182,13791,251.9166123,12.9,0.000359089,48161,7.251634601,8.921418884
Rhode Island,2015,242.5,2.7,43.5,52.6,143.7,1897.5,373.7,1392.3,131.5,6,1056298,4001,264.0084979,11.8,0.000337026,49625,7.170552628,9.641486304
South Carolina,2015,504.5,8.1,46.9,80.3,369.1,3293.3,705.7,2322.7,264.9,5.9,4896146,82933,59.03736751,14.3,0.000515916,39698,7.160920283,9.353038737
South Dakota,2015,383.1,3.7,57.7,25.2,296.6,1943,344.8,1459.8,138.4,3.1,858469,199729,4.298169019,13.9,0.000488078,49040,7.288941127,9.752100542
Tennessee,2015,612.1,6.2,40.5,113.2,452.2,2936.2,655.2,2086,195,5.6,6600299,109153,60.46832428,14.7,0.000440283,42648,6.867433566,9.448809304
Texas,2015,412.2,4.8,44.6,116.3,246.6,2831.3,557.2,2028.5,245.7,4.4,27469114,695662,39.48629363,14.7,0.000359089,47345,7.440399971,10.76377862
Utah,2015,236,1.8,54.9,44.3,135.1,2980,416.2,2273.2,290.6,3.6,2995919,219882,13.62512166,9.3,0.000242663,40668,8.246111193,11.21269998
Vermont,2015,118,1.6,21.7,16.1,78.6,1406.6,314.4,1063.8,28.4,3.6,626042,24906,25.13619208,10.7,0.000688452,49662,7.39292252,8.427931672
Virginia,2015,195.6,4.6,27.9,53,110.2,1866.5,254.6,1515.2,96.8,4.5,8382993,110787,75.66765956,10.9,0.000408804,52379,7.038829902,10.3859658
Washington,2015,284.4,2.9,37.7,76,167.8,3463.8,711.2,2378,374.7,5.6,7170351,184661,38.82980705,11.4,0.000312119,53180,6.8000863,10.8501377
West Virginia,2015,337.9,3.8,36.4,41.2,256.4,2020,497.3,1401.3,121.4,6.6,1844128,62756,29.38568424,14.5,0.000751032,37529,6.503333174,8.966716952
Wisconsin,2015,305.8,4.2,30.8,90.7,180.1,1974,338.8,1444.8,190.3,4.6,5771337,169635,34.0220886,11.4,0.000179681,46800,6.957860544,9.442810739
Wyoming,2015,222.1,2.7,29.5,10.1,179.8,1902.6,300.6,1500.9,101,4.3,586107,253335,2.313565042,9.8,0.000359089,57576,6.998581829,10.62374652
Alabama,2016,532.3,8.4,39.4,96.4,388.2,2947.8,700.5,2006.3,241.1,5.9,4863300,135767,35.8209285,16.2,1.67E-05,39525,6.879266835,9.349989431
Alaska,2016,804.2,7,141.9,114.6,540.6,3353,546.3,2394.7,412.1,6.9,741894,1723337,0.430498504,12.6,0.000955662,56341,8.054744883,11.89785845
Arizona,2016,470.1,5.5,47.5,101.8,315.4,2978.4,544.4,2168.1,265.8,5.4,6931071,295234,23.47653387,16.1,0.000399073,40618,7.106038937,10.1869789
Arkansas,2016,550.9,7.2,71.7,70.9,401,3268.6,795.5,2233.6,239.4,4,2988248,137732,21.69610548,16,1.20E-05,40720,7.077880015,9.388021409
California,2016,445.3,4.9,34.9,139.6,265.9,2553,479.8,1623,450.3,5.5,39250017,423967,92.57800017,13.9,0.000320892,56667,7.101260703,11.12365313
Colorado,2016,342.6,3.7,64.2,63.7,211.1,2740.7,431.4,1955.3,354,3.2,5540545,269601,20.55090671,8.5,0.00027759,52251,7.001250581,11.53443441
Connecticut,2016,227.1,2.2,21.3,75.6,128,1808,280.9,1328.5,198.7,5.1,3576452,14357,249.1085881,9.8,0.00041969,69215,7.221756199,8.978399598
Delaware,2016,508.8,5.9,32.4,142.7,327.8,2766,527.6,2078.7,159.7,4.5,952065,6446,147.6985728,11.6,0.001843362,48890,6.380932394,9.28135621
district of Columbia,2016,1205.9,20.4,78.1,510.9,596.5,4802.9,346.6,4019.8,436.5,6.2,681170,177,3848.418079,16.3,0.000734031,76623,6.460703789,14.91662492
Florida,2016,430.3,5.4,36.9,97.9,290.2,2686.8,486.7,1990.8,209.3,4.8,20612439,170312,121.0275201,13,0.000201723,46253,6.204987289,9.527342689
Georgia,2016,397.6,6.6,34,118.4,238.5,3004.5,614.4,2130.1,259.9,5.4,10310371,153910,66.98961081,15.4,0.000147036,43074,7.203292685,9.977533786
Hawaii,2016,309.2,2.5,43.3,69.6,193.8,2992.7,421.2,2175.8,395.8,3,1428557,28313,50.45586833,9.3,0.000413988,50089,6.634913693,10.7566025
Idaho,2016,230.3,2.9,42.7,12.7,172,1744.2,375.4,1245.4,123.4,3.8,1683140,216443,7.776366064,11.1,0.000323205,40385,7.196860154,9.895682712
Illinois,2016,436.3,8.2,38.3,139.3,250.5,2049,374.9,1518.6,155.5,5.8,12801539,149995,85.34643821,12.1,0.000231144,52543,6.878558586,10.21957276
Indiana,2016,404.7,6.6,37.7,110.5,249.9,2589.4,514,1853.3,222.1,4.4,6633053,94326,70.32051608,11.8,0.000267599,43780,7.290245924,9.60539159
Iowa,2016,290.6,2.3,39.8,36.6,212,2086,479.5,1447.6,159,3.6,3134693,145746,21.50791788,9.8,0.000269564,46531,7.200604972,9.733231548
Kansas,2016,380.4,3.8,45.1,57.5,274,2695.5,494.1,1962.9,238.6,4,2907289,213100,13.64283904,11.2,0.00050425,47557,7.624784086,9.71786207
Kentucky,2016,232.3,5.9,37,75.9,113.5,2189.7,469.6,1497.4,222.8,5.1,4436974,104656,42.39579193,15.2,0.000449631,39905,7.025360122,9.432651352
Louisiana,2016,566.1,11.8,38.8,119.1,396.4,3297.7,740.5,2336.3,220.8,6.1,4681666,135659,34.51054482,20.2,1.26E-05,42763,6.902565881,10.42728037
Maine,2016,123.8,1.5,30.9,20,71.3,1645.7,300.6,1286.8,58.2,3.8,1331479,91633,14.53056213,12.7,0.000351489,45003,6.059956484,8.552357942
Maryland,2016,472,8,29.2,171,263.8,2284.5,410.4,1677.4,196.7,4.5,6016447,32131,187.2474246,7.1,0.000672324,58329,6.547042715,10.13579205
Massachusetts,2016,376.9,2,31.2,78.8,265,1561.1,281.8,1161,118.3,3.9,6811779,27336,249.1871159,9.6,0.000484455,65060,7.036979106,9.900301639
Michigan,2016,459,6,71.8,71.7,309.5,1909.9,398.5,1308.1,203.2,5,9928300,250487,39.63598909,11.1,0.00032775,44809,7.08261918,9.246752818
Minnesota,2016,242.6,1.8,42.5,67.5,130.7,2133.3,337.1,1638.1,158.1,3.9,5519952,225163,24.51535998,8.7,0.000207067,52890,6.670796485,10.20532298
Mississippi,2016,280.5,8,42.7,80.2,149.6,2768.1,781.4,1842.1,144.7,6,2988726,125438,23.82632057,21.1,5.62E-05,35946,7.328271913,9.112127575
Missouri,2016,519.4,8.8,41.9,107.8,360.8,2799.1,520.4,1978.4,300.3,4.6,6093000,180540,33.74875374,13,0.000506319,44424,6.930014623,9.682360857
Montana,2016,368.3,3.5,55.4,25.5,283.9,2683.5,377.4,2043,263.1,4.1,1042520,380831,2.737487232,11.7,0.000133331,44211,7.013505448,9.33452164
Nebraska,2016,291,2.6,52.1,49.6,186.7,2263.3,337.9,1677.6,247.8,3.1,1907116,200330,9.519872211,9.6,0.000393788,49745,7.124251068,10.06362738
Nevada,2016,678.1,7.6,58.9,215.6,395.9,2586.6,641.1,1497.1,448.3,5.7,2940058,286380,10.26628256,10.1,0.000304756,45232,6.363494564,10.67263261
New Hampshire,2016,197.6,1.3,43.6,32,120.7,1512.9,222,1225.7,65.3,2.9,1334795,24214,55.12492773,6.4,0.000406055,56629,6.872338898,9.163118531
New Jersey,2016,245,4.2,16.2,100.4,124.2,1544.6,282.7,1135.2,126.6,5,8944469,22591,395.9306361,9.4,0.001088159,62213,6.596014643,9.820732913
New Mexico,2016,702.5,6.7,73.3,131.5,491,3937.1,830.4,2542.4,564.3,6.6,2081015,314917,6.608138017,17.8,0.000644397,38907,7.128841263,10.09919179
New York,2016,376.2,3.2,31.7,113,228.3,1545.6,201.7,1271,72.9,4.9,19745289,141297,139.743158,11.9,0.00035887,60833,6.745431531,10.48210943
North Carolina,2016,372.2,6.7,28.1,92,245.5,2737.5,710.4,1876.2,150.8,5.1,10146788,139391,72.79370978,13.6,0.000354891,42574,6.952677862,9.432304233
North Dakota,2016,251.1,2,45.1,23.9,180.1,2295.9,427.9,1608.9,259.1,3.1,757952,183108,4.1393713,11.1,0.000435384,52592,7.824695199,11.42817325
Ohio,2016,300.3,5.6,48.1,107.8,138.7,2577.5,575.9,1832.3,169.3,5,11614373,116098,100.0393891,13.7,0.000227993,45452,6.811666889,9.506930766
Oklahoma/g,2016,449.8,6.2,52,80.6,311,2982.9,741.7,1931.4,309.8,4.8,3923561,181037,21.67270227,14.6,0.000495978,42399,7.231131566,10.05424458
Oregon,2016,264.6,2.8,42,55.6,164.1,2964.4,412,2230,322.3,4.8,4093465,254799,16.06546729,11.8,0.000353979,45998,6.434278539,10.49282346
Pennsylvania,2016,316.4,5.2,34.7,96.4,180.1,1742.7,277.8,1362.8,102.1,5.4,12784227,119280,107.1782948,11.1,0.000578213,51700,6.662509356,9.601851719
Puerto rico,2016,224,19.9,5,93.8,105.4,1031.9,241.9,679,111,11.8,3411307,13791,247.3574795,12.45,0.000422268,48811,7.195500639,8.958636558
Rhode Island,2016,238.9,2.7,41.8,51.1,143.2,1898.7,358.6,1389,151.1,5.2,1056426,4001,264.0404899,11.4,0.000339825,50320,7.260678931,9.729309767
South Carolina,2016,501.8,7.4,48.1,81.3,365,3243.8,664.7,2298.5,280.6,4.9,4961119,82933,59.82080716,14.1,0.000451713,40744,6.787743249,9.454356668
South Dakota,2016,418.4,3.1,58.8,31.4,325,1980.6,346.6,1460.4,173.6,3,865454,199729,4.333141407,14.5,0.000766072,49018,7.198594495,9.866605042
Tennessee,2016,632.9,7.3,40.8,117.5,467.3,2854.1,606.1,2020.7,227.3,4.8,6651194,109153,60.93459639,14.9,0.00041376,43637,6.73704607,9.812654059
Texas,2016,434.4,5.3,48,119.6,261.6,2759.8,533.8,1978.1,247.8,4.6,27862596,695662,40.05191602,13.8,7.91E-05,46445,7.396338794,10.77184912
Utah,2016,242.8,2.4,49.8,50.5,140.1,2951.5,420.7,2223.2,307.7,3.4,3051217,219882,13.87661109,8.6,0.000277266,42008,8.26738249,11.29203462
Vermont,2016,158.3,2.2,28.5,17,110.6,1697.4,336.7,1315.6,45.1,3.2,624594,24906,25.07805348,9.6,0.000702857,50572,7.196611559,8.428908059
Virginia,2016,217.6,5.8,32.5,57.1,122.2,1859.4,238,1505.1,116.4,4.1,8411808,110787,75.92775326,11.4,0.000453054,53439,7.030288316,10.1275482
Washington,2016,302.2,2.7,42.2,77.5,179.7,3494.1,674.8,2376.3,443,5.3,7288000,184661,39.46691505,11,0.000393386,55038,6.592258946,11.0370396
West Virginia,2016,358.1,4.4,35.9,39.3,278.5,2047.2,507.9,1402.3,137,6.1,1831102,62756,29.17811843,18,0.000798972,37453,6.445277379,8.856106323
Wisconsin,2016,305.9,4,34.2,81.4,186.3,1933.3,336.1,1424.8,172.3,4,5778708,169635,34.06554072,10.7,0.000210082,47509,6.910471162,9.545399016
Wyoming,2016,244.2,3.4,35,10.1,195.7,1957.3,302.5,1518.2,136.6,5.3,585501,253335,2.311172953,10.9,4.61E-05,54522,6.722970584,10.13538747